roi_id,n_all,hull_area,bbox_area,med_nn,density
Leap001_10,2902,367114.9968944225,376776.0,8.540007061961838,0.007904880009123075
Leap001_8,7476,1082900.7088805535,1140501.6227180527,8.894211817456451,0.006903680031503812
Leap001_9,3984,555126.6993019894,566008.9038825758,9.177761661839007,0.007176740021709351
Leap002_1,6934,981651.1679878719,984293.3000000002,9.094799534019518,0.007063608974471946
Leap002_3,4156,978169.2083848736,982267.27837891,10.358463541906923,0.004248753655681182
Leap002_4,5207,981142.0371668886,982673.286022278,9.711809762666102,0.005307080731180931
Leap002_5,5300,968968.2623232586,982018.7895580299,9.335162137837244,0.0054697353939048435
Leap002_6,6033,982443.5151675201,983633.3235492578,9.808092760159766,0.006140811056166716
Leap002_7,6081,1084045.5389433596,1087466.526923077,9.634636596217423,0.005609542940352183
Leap003_14,4941,852945.8703515802,1007130.0477926424,8.947556081447708,0.005792864672600318
Leap003_15,2226,380383.61936692236,418697.20747386484,8.640674253014593,0.0058519870117035066
Leap003_16,1036,325343.1793205109,343433.3960179885,10.867782554788821,0.003184329857978635
Leap004_1,1583,385151.92125286383,386762.6666666666,9.325317651517052,0.004110066476757136
Leap004_10,1730,309287.86563474406,310777.8857962213,9.301343068330649,0.005593494579716416
Leap004_11,3536,618538.258265795,620091.1016414142,9.77247326191667,0.0057167037814507
Leap004_12,3467,788150.7853355916,790743.951843318,10.434208337514287,0.004398904453953903
Leap004_13,4218,815985.5044685409,817266.4404761906,9.945921119223538,0.005169209473576646
Leap004_2,2451,564874.4158835413,568573.045045045,10.6934357861265,0.004339017542804268
Leap004_3,3119,476880.7191787821,481843.2956091529,9.216467570739233,0.006540419594591934
Leap004_4,2023,752999.7070008516,755918.3093877552,11.550957544184662,0.002686588030767603
Leap004_5,2612,576895.5849343855,618225.1548085902,10.232707947068604,0.004527682423322899
Leap004_6,2459,618164.1137744449,620547.2080745342,10.056100856473783,0.003977908042874901
Leap004_7,2618,617273.8561217306,619721.7662337662,11.295664366666351,0.004241229357174837
Leap004_8,3399,742621.8618865117,744127.6037561576,11.264510657925811,0.004577026578998612
Leap004_9,3197,619002.9945362471,620615.867368421,10.292033196198645,0.005164756920756371
Leap005_1,4659,798669.2199317799,875942.3036234038,8.237055940752606,0.005833453805065831
Leap005_2,4333,873008.0347250217,877445.0,9.28099067872276,0.0049632991079684614
Leap005_2_10,405,174724.3870480836,181210.20206150276,9.157891426423127,0.0023179363043840315
Leap005_2_11,1235,297549.0958379033,304587.9208521304,10.709163075202659,0.004150575542910722
Leap005_2_12,2470,445455.69670279673,447284.8333333333,10.281714856351588,0.0055448836287931855
Leap005_2_13,4571,618827.6912406426,624451.5228070176,7.961335269822652,0.007386547280772027
Leap005_2_3,1901,340321.84847405215,344396.30743525474,8.981364496239731,0.005585888794750543
Leap005_2_4,235,166468.399831627,177695.62513842745,11.062632572454037,0.0014116793351632423
Leap005_2_5,1141,242888.08699582506,251472.06446280994,8.795590332799836,0.004697636735142191
Leap005_2_6,1860,299485.6398381581,303455.049375,8.087156611169082,0.006210648366997307
Leap005_2_7,831,197038.43992706024,210627.99658236504,8.471739243253301,0.004217451175047975
Leap005_2_8,1409,267974.6503821719,288516.42295784707,8.916474901317228,0.0052579600271538945
Leap005_2_9,2308,286865.0490594142,288665.6381422925,8.0220252212161,0.008045594984706476
Leap006_1,760,665634.5381831094,719540.4937762239,13.604715639227756,0.0011417676764106427
Leap006_2,817,382748.3659423463,397186.9244798081,11.601106919093173,0.0021345616930029307
Leap006_3,3593,1047071.107535452,1088232.0350276963,10.986526257317848,0.0034314765961378103
Leap006_4,3797,1085618.130092981,1088132.1744897957,11.194884311785286,0.0034975466001795625
Leap008_1,8057,1114151.2556627914,1116267.9636591475,9.190316599486511,0.007231513637892025
Leap008_10,1652,408395.93849454325,451742.422649814,10.075786778933912,0.004045094096894583
Leap008_11,1396,401866.7787311244,404538.0070126227,10.27112000561958,0.003473788016038063
Leap008_2,5967,1067586.384300079,1069291.4017966161,9.997012685425528,0.005589243257267682
Leap008_3,1882,507753.9683454394,509264.30809090903,9.912849404530752,0.0037065195297885335
Leap008_4,5163,933986.4090528875,935944.5560271647,9.757552150018897,0.005527917697684231
Leap008_5,4969,943848.7791663493,946641.8750000001,10.26475541607784,0.005264614533261196
Leap008_6,4734,943822.8003975482,947321.1187511479,10.138301303698794,0.005015772026280768
Leap008_7,5426,944761.3464060891,947083.8478260869,10.091421833891264,0.005743249362011609
Leap008_8,972,265074.49076079763,306355.0469875887,10.209611326245803,0.003666893774690412
Leap008_9,4771,942895.9660082683,947788.0113636364,9.732732241367858,0.005059943166580652
Leap009_14,2661,406607.24583617196,424206.60796604084,8.941094838191281,0.006544398869547337
Leap009_15,2351,379087.114177952,424677.14380305604,8.485418420395307,0.006201740739983021
Leap009_16,2010,460541.6535548127,489865.8402093596,9.481390809623516,0.00436442607196392
Leap009_17,3384,671438.6800121157,695281.6915809835,9.33502606478329,0.005039924122242909
Leap009_18,2217,345052.09935228946,482127.1749562062,8.805019772478149,0.006425116682847651
Leap009_19,3572,562035.7181780197,610360.0563660477,9.3726149325292,0.00635546796132377
Leap010_10,876,104750.52295058905,112218.44268115942,7.734397152919218,0.008362726746607369
Leap010_11,425,47573.231833308906,58354.73722222221,7.156314561693522,0.008933595293444658
Leap010_12,395,56152.596733720624,57846.993398630344,8.129476880940315,0.0070344030904415066
Leap010_13,313,55729.776418858346,58121.913067552596,8.715317922556986,0.0056163871472860285
Leap010_6,1088,111295.54190128551,112299.36585365854,7.992000857915718,0.009775773417456474
Leap010_8,844,111044.03545888417,112942.78333333333,8.421994957498713,0.007600588329775754
Leap010_9,1050,111354.84642317693,112190.72570398354,8.299353428830027,0.009429315685190127
Leap011_1,2814,671367.576722043,736495.2528023787,9.236699507812862,0.004191444593942674
Leap011_2,1051,246507.97964226108,296244.4481283423,9.06683115722503,0.004263553664774824
Leap011_3,1447,231230.29936409098,282939.1041328943,7.9484164626067875,0.0062578304140046125
Leap011_4,3898,499038.842149188,517133.23340034107,7.826100395446923,0.007811015237236164
Leap011_5,1803,203810.3860603258,213886.58974457052,7.637077916280672,0.008846457900660324
Leap012_21,5142,924619.853223905,939983.0953703704,9.161610813083147,0.005561204404243761
Leap012_22,4557,905260.3471349617,940738.2769883352,10.467364981347645,0.005033910978672984
Leap012_23,3709,880202.3433600679,936712.0153738643,10.45533319944506,0.004213803823608709
Leap012_24,3440,735784.37710175,767492.6790329769,9.730530232184051,0.0046752827418681244
Leap012_25,3495,767734.1513523307,790152.9754886508,9.676136767873206,0.004552357080694805
Leap013_1,4275,470637.43078464526,471359.3798480931,8.278850306675768,0.009083425414915965
Leap013_2,4429,470418.3166375996,472060.50980392157,8.048381762319277,0.009415024550185636
Leap013_3,5532,466489.832955074,472516.1621212121,6.822863621004549,0.011858779354217497
Leap013_4,5069,470265.4413144001,472664.75324675324,7.608944736952667,0.010779018730000776
Leap013_5,4500,543456.2164949356,545035.8111111112,8.539607054216152,0.00828033586407956
Leap013_6,4224,637761.2066457947,655078.9500000001,8.940127867276242,0.006623168602893656
Leap013_7,5812,801497.1300446134,812493.8301587302,8.68973653556358,0.007251429583629936
Leap013_8,4686,634808.1076689332,647130.1631578947,8.611461705619384,0.007381758272129465
Leap013_9,4762,640011.5796501904,646867.7131034483,8.693657152985141,0.007440490377694033
Leap014_10,3041,712901.249045032,760462.4329763063,9.928003908511803,0.004265667936581085
Leap014_11,2366,469078.8459939571,520645.26826802734,9.397433809077064,0.005043928158786509
Leap014_12,2300,507314.66633757623,509471.39692982455,9.827673885939348,0.004533675354990701
Leap014_13,2313,462007.1124728613,481941.22404207365,9.282143696904154,0.005006416432898244
Leap014_14,2793,501483.4183934608,509596.8630036631,8.999553137098916,0.005569476272909645
Leap014_15,2258,403263.96499253344,440042.0770750989,8.904820220752276,0.005599310119469285
Leap014_16,1371,334052.9547994447,366925.1363636364,8.85749307438422,0.004104139718875132
Leap014_17,1793,356195.8198749981,388550.4956508918,8.57058527286038,0.005033748011498922
Leap014_18,2012,424969.90265062754,469707.76030897204,10.089928446449651,0.004734452928197335
Leap014_19,1523,278388.6885220363,351501.71525340073,8.431559906657943,0.005470768256014987
Leap014_20,5147,701499.5573309734,716246.640625,8.119181830344568,0.007337139341303393
Leap015_1,2718,976169.6859242325,1064531.559076888,9.385654728971065,0.002784351982234125
Leap015_2,2200,889048.0792015706,1068125.3024598933,8.891085080611711,0.0024745568338393567
Leap016_3,4812,1137325.1916988578,1141036.0179301377,9.929551159222575,0.004230979877278693
Leap016_4,2230,1085584.711248841,1138497.5157681655,9.97005296476683,0.002054192525827524
Leap016_5,3204,1095975.9831775294,1139383.3815789474,9.855014414788123,0.0029234217256392256
Leap016_6,307,277154.80044164567,293333.06289121823,14.78276887533636,0.0011076842238012695
Leap017_14,2789,887906.5773446391,924256.3288690476,8.486414785152451,0.003141096226971022
Leap017_15,6228,913987.6588229098,925919.525510204,8.000315656905101,0.00681409638289953
Leap017_16,4024,888760.8739527275,925164.0105194804,8.011787039081927,0.004527652057975308
Leap017_17,5904,837153.0227755529,924091.0848704436,7.690878161469942,0.007052474087025912
Leap017_18,4933,755980.6437478729,924530.2480158729,7.622718920124127,0.006525299345686957
Leap017_19,7501,916702.8060785361,925362.4927536233,8.17144808314358,0.008182586493967131
Leap017_20,4789,886453.3941453465,924064.2958603896,8.311068969680825,0.005402427281151316
Leap017_21,5409,775276.9259826834,924763.5285714283,7.774138522970224,0.00697686183958584
Leap017_22,5721,849849.881282002,924395.6385739992,7.8117190379899775,0.006731777136180625
Leap017_23,4463,909995.9347260917,924395.2816461978,8.1645844995946,0.004904417514066544
Leap017_24,5623,837057.7082977481,923881.7755234862,7.911200538055905,0.00671757746719161
Leap018_1,4810,981863.5409050668,989325.0612268518,8.705153806639649,0.0048988477518639864
Leap018_10,2153,964611.8883469102,988819.2796296298,10.083691934159514,0.0022319857613300547
Leap018_11,4060,980397.7136591037,989615.28,9.085759058599447,0.004141176528091855
Leap018_12,2009,981573.240855188,989403.494318182,10.022473266258412,0.0020467143116591835
Leap018_13,2521,824335.2057594166,985461.5902615902,8.670412969167115,0.003058221925239182
Leap018_2,2732,978020.1624478556,989415.303688142,9.326233993128927,0.002793398444017927
Leap018_3,5493,981138.0729931283,989779.3780855647,8.781759240929034,0.005598600391933289
Leap018_4,4853,981318.0933570903,989889.084228395,8.746445596608625,0.004945389301238584
Leap018_5,4286,984680.492829249,989483.2097751709,9.018458382988541,0.004352680926668083
Leap018_6,5519,988549.6275729263,990298.517379679,8.869096979551335,0.005582926588673321
Leap018_7,5891,988629.2227871671,990100.1058201058,8.65827516761367,0.005958755683340972
Leap018_8,1372,977574.8807643144,988469.2234848485,12.45957886348241,0.001403473050501569
Leap018_9,3470,975146.9633772309,990127.0306122449,9.40305295267761,0.003558437989677303
Leap019_10,6122,930318.6323573327,987259.1376666668,8.34268807886667,0.006580541103952175
Leap019_11,6877,965009.7926309793,987642.85,8.086790638435684,0.007126352553636491
Leap019_12,5670,956345.2016397583,987168.8107407406,8.389973870231422,0.0059288215074202975
Leap019_13,1553,794417.5946930803,835845.0815911731,8.681094778084699,0.0019548912440691783
Leap019_14,3876,616242.6379041075,821285.2792358367,8.334813233872854,0.006289730313343132
Leap019_7,8707,970780.1974207499,973599.1282051281,8.240469028957415,0.008969074588803404
Leap019_8,7638,901362.0703756479,967218.0833333333,7.610919206589686,0.008473842256105606
Leap019_9,5109,834419.9343547355,988280.4285714286,8.297071025704499,0.006122816329826582
Leap020_1,6041,1057924.8021990291,1060757.9400000002,9.778204621828431,0.005710235725113
Leap020_2,6607,1057949.5977338934,1059990.9962406014,9.59343426421343,0.006245099023764516
Leap020_3,6591,1057430.5350764494,1059272.0364672365,9.920831452589606,0.006233033548178641
Leap020_4,6364,1057977.0692828544,1060097.8906485671,9.891949207655276,0.006015253245813553
Leap020_5,5191,946855.719589874,948627.9468329252,9.513221284473667,0.005482355856970962
Leap020_6,5290,947619.9544091546,949687.1047619047,9.874269992756865,0.005582406718417342
Leap021_1,6115,1114764.8333181802,1139426.0325292398,8.78009584542875,0.00548546188149679
Leap021_2,3022,565309.3577265046,588831.2435515873,8.881408897190212,0.005345745579294014
Leap021_3,5952,1133812.5370859746,1138983.7231182794,9.268630858478737,0.005249545057331354
Leap021_4,6805,1132760.6057416408,1139454.783157895,9.108155663533651,0.006007447615592733
Leap021_5,4611,1125660.0892483667,1139165.529208473,9.007375647441531,0.0040962632006247
Leap021_6,4582,1031014.8959312469,1137083.5588235296,9.43010292651936,0.004444164694498798
Leap021_7,2219,455557.6455678062,494289.3092769123,9.333256300384559,0.004870953262641971
Leap021_8,1815,468973.939010838,493529.7500555576,9.125973363623668,0.0038701510873465727
Leap023_1,3923,784635.016622704,786763.3323804574,8.776908486341831,0.004999776860438534
Leap023_2,3028,596879.863758771,644293.5660287082,8.733372480892225,0.005073047666462688
Leap023_3,5261,779955.3279160958,786668.9808549698,8.43200121319943,0.006745258108636134
Leap023_4,2544,448033.7522918428,486349.47123015864,8.15987842550026,0.005678143637586649
Leap023_5,5626,732191.2099415878,760371.288095238,7.6506428145243,0.007683785223874549
Leap023_6,3750,752105.5733442775,760394.3111111111,8.385177239591142,0.0049860021423926235
Leap023_7,3384,756818.4263032466,759508.4449612404,10.069794762836775,0.004471349906911593
Leap023_8,4079,724718.8548617034,758760.294117647,7.985123817618977,0.005628389509444166
Leap024_7,6835,1048811.1014259933,1050953.548,7.997264914043355,0.006516902796611268
Leap025_1,4759,1033903.6542929696,1039340.3125,9.752139109569136,0.004602943398294129
Leap025_2,4819,1034551.480148206,1038099.9372135218,9.516361646881382,0.004658057228152289
Leap025_3,4229,1027791.5051724568,1036926.7706554879,9.33161899815524,0.0041146477458873345
Leap025_4,7222,1036509.3951383752,1037965.2631578947,9.302986703706946,0.006967616534759778
Leap025_5,5924,1027343.3456818339,1031972.4797712907,9.42987246836083,0.005766329265576078
Leap025_6,6951,1030551.1177046879,1032820.9180952382,9.259351319716684,0.006744934705889923
Leap026_1,2858,437755.310691045,453244.6471428571,8.43377301753349,0.006528761456916038
Leap026_2,2687,452592.5687344904,453925.14705882355,8.558494632655664,0.0059369070232708696
Leap028_10,4542,848564.969440864,964740.3898225959,8.641965154997955,0.005352565995026653
Leap028_11,3452,651864.2354680512,690080.7171967818,8.300785622108762,0.005295581214885024
Leap028_12,1711,289152.4214666758,306229.1234042553,8.690172066011572,0.005917294385159382
Leap028_13,1128,201978.01736030134,260214.32366666663,9.054603860312131,0.005584766177736071
Leap028_14,216,51457.19984531433,66857.94588663023,8.546359172013188,0.0041976633133811855
Leap028_9,1222,238999.18861985448,311024.3794871795,8.163997398849768,0.005112988069359848
Leap029_1,3510,981925.2610176634,984769.0970909091,11.012310040562449,0.0035746101453406442
Leap029_2,3040,700551.3598436989,702390.9176201373,9.917833617038939,0.004339439153580773
Leap029_3,2698,700954.3343751428,703222.8265765766,10.888680672819124,0.00384903818649627
Leap029_4,2357,961890.6396798189,964455.7570454545,10.390098175765088,0.002450382509995696
Leap029_5,3440,1079537.752557176,1093023.0632195123,9.293387188372712,0.0031865490501387594
Leap029_6,2375,1085023.905491612,1091910.285714286,11.4741965314444,0.002188891864943671
Leap029_7,4049,1087533.7656490256,1092509.6310344827,10.353063425970413,0.0037231027926600616
Leap029_8,2396,1084471.0373479524,1091317.3266666667,11.372767983408103,0.0022093720509672255
Leap032_10,1286,387446.07767396164,410721.5761129602,8.669564219426373,0.003319171554711614
Leap032_7,2453,986499.8698482522,989753.2381756756,10.75021145137763,0.002486569005201523
Leap032_8,2849,843619.5969809486,859297.2155172413,9.794491602372068,0.0033771145314732878
Leap032_9,3456,985191.0579360392,988359.9799745709,9.624700866298534,0.0035079490137073202
Leap033_1,4201,672799.5887357574,698761.5014005601,8.703366706188929,0.0062440585136117645
Leap033_2,4332,1116804.5442060772,1118596.0010960908,10.107492298929463,0.003878924044922799
Leap033_3,6243,1117706.6449644766,1120781.911111111,9.646891146773207,0.005585544318024894
Leap033_4,2250,1114024.9786586454,1118246.4144968328,10.70648379566906,0.0020197033667136784
Leap033_5,4383,1088237.7435956546,1096228.401010101,9.327548628316109,0.004027612555982571
Leap033_6,3006,1064952.211027548,1069963.4669301712,9.42786659073735,0.002822661870526171
Leap034_1,5308,960408.2667360435,963397.6916666669,9.517462884496489,0.005526816234141016
Leap034_2,6487,960617.810300545,963272.2795751636,9.058328921773013,0.006752945792219318
Leap034_3,6198,961432.7482098818,963011.7710944026,9.071164552282397,0.006446628754367092
Leap034_4,5018,960379.6762535289,963394.3714285714,9.290624341865268,0.005225016859556394
Leap034_5,6174,935421.31228322,963564.3602484474,8.93417087007385,0.006600234481434053
Leap034_6,6261,988137.4171086272,994876.6616161617,9.150610640653971,0.006336163261907651
Leap034_7,5177,991815.5869184452,994297.0545454543,9.601677278724601,0.005219720347494089
Leap034_8,4550,990335.7859136772,994738.7999999999,9.684171791416725,0.004594401277544667
Leap034_9,3130,662624.8785921885,677890.5792936288,9.618806654847685,0.004723637915090046
Leap035_10,2578,1035089.0920374553,1049432.4040404041,9.782295632861922,0.0024906068664345598
Leap035_11,1140,1031387.0679681902,1044401.7969911776,10.267069862813699,0.0011053076341608343
Leap035_12,1387,1030549.9148469636,1046545.6796621185,9.362299784069734,0.0013458833774257011
Leap035_13,1371,1045342.9270214313,1049205.1611818182,12.069690597526044,0.001311531330590705
Leap036_1,7693,1136158.8079522178,1164461.812121212,8.336503856428713,0.006771060476893769
Leap036_10,4463,1157787.9982124714,1162849.3130787036,9.31898709131857,0.003854764436054357
Leap036_2,7839,1147838.415915424,1164495.461620513,8.618873767408518,0.006829358463097126
Leap036_3,7358,1140337.526102934,1163796.9553779552,9.066856069762178,0.0064524755448027065
Leap036_4,7803,1135200.9223824113,1164082.4923076923,8.983584455604106,0.006873673061878847
Leap036_5,7785,1130495.910335731,1164589.7210144927,8.811394267762845,0.006886358392652687
Leap036_6,7853,1095432.6234167905,1163798.6982372748,8.416355554209307,0.007168857154815709
Leap036_7,7100,995441.776005992,1164900.0176470592,8.37326219913168,0.007132511585446322
Leap036_8,6318,1132911.3320587864,1163917.831438127,8.949629589577112,0.005576782419960966
Leap036_9,5613,1144541.1104235437,1163559.3235294118,9.00718150394864,0.004904148875808295
Leap038_1,6195,1287580.2960053694,1290832.658504369,9.938094450753395,0.004811350421577255
Leap038_10,7663,1206975.4659363758,1292596.7838383839,8.365969702386614,0.006348927725763686
Leap038_2,4194,1283427.8171352234,1290534.0118487452,10.359078742788984,0.0032678113595523816
Leap038_3,3768,1275272.488860719,1291122.3766233765,10.846077485217858,0.0029546626567363587
Leap038_4,3375,1280345.7899653513,1291110.8404558406,10.829971456291917,0.00263600663699713
Leap038_5,3664,1279456.444856812,1290372.72993259,11.143014957434042,0.002863716084067285
Leap038_6,5566,1274202.2627226084,1290924.0486956525,10.005472060564939,0.004368223289846495
Leap038_7,3829,1281683.4522417414,1290157.327589546,10.875919153967539,0.002987477128851784
Leap038_8,6222,1283090.7189290705,1291814.93482906,9.832655613665342,0.00484922843584527
Leap038_9,9338,1289534.8171845167,1290963.9174433118,8.89491337055701,0.007241370977782484
Leap039_2,6838,1128363.1091447524,1135218.210504202,8.549051910658063,0.006060105957543128
Leap039_3,5818,1132298.5143823747,1136235.0143540672,9.07730825786513,0.005138220995700498
Leap039_4,7238,1111359.2255334032,1136491.97,8.621347293810325,0.006512745684480264
Leap039_5,5483,1091381.7500592724,1113702.7912087913,9.109930796943509,0.005023906620852164
Leap039_7,7091,1037448.4295250672,1124567.8545454547,8.873084267386883,0.006835038540899989
Leap040_10,5276,994591.8683578786,1001384.9461382113,10.0402020949045,0.005304688453476844
Leap040_11,5595,999454.4134520657,1002464.2372523309,10.095094617203499,0.005598054223078719
Leap040_12,5718,1001235.2190402611,1002944.9846153846,10.447196126854848,0.005710945731095054
Leap040_13,6391,1000490.7522665013,1003074.875,9.709225739615407,0.006387865140704095
Leap040_14,5685,1000532.2239299407,1002592.9361038959,9.602790400581782,0.00568197591644792
Leap040_8,5785,1035491.1192721614,1038102.7897897898,9.926030812600848,0.0055867210180095325
Leap040_9,5386,1000394.816832281,1001848.4491160595,10.107213645430246,0.0053838743557814515
Leap041_1,5014,937310.2262333719,948547.1590909091,9.794884342216994,0.0053493495106193495
Leap041_10,5664,970085.4706953611,971851.5733590736,9.8615842381346,0.0058386607892807856
Leap041_11,5363,971038.3024270153,972978.8165413536,10.313693837422372,0.005522954127139688
Leap041_12,4936,970837.7616002986,973034.4937062939,10.288103590104143,0.0050842686545933815
Leap041_13,4299,959329.4069000694,976325.9679999998,10.999448334224125,0.0044812553113445985
Leap041_14,2147,521904.4628185536,532604.4972435898,11.043406219742895,0.004113779729732701
Leap041_15,5787,1052722.8483426194,1063367.8901098897,9.612698909504392,0.005497173362496034
Leap041_16,4616,741245.6452299776,773688.1809845559,9.65645782104399,0.006227355303474125
Leap041_17,3275,639065.3963834168,641561.3965481886,10.201376869947069,0.005124671150298231
Leap041_2,2617,515956.28828860685,518982.08181818185,9.878272758692919,0.005072135100204742
Leap041_3,6092,899628.4187136228,945678.3782662539,9.348525081461908,0.006771684701458121
Leap041_4,2707,547611.5692856142,550817.1065656565,10.023126923898147,0.004943284897233659
Leap041_5,1868,491678.0821891641,500155.95302795037,9.82454528726098,0.003799233823242341
Leap041_6,2615,493122.46516706137,500442.4519230769,9.220720995788135,0.005302942341339252
Leap041_7,6438,935534.219804758,971539.8031674209,9.04887817091263,0.006881629622638051
Leap041_8,6158,968729.4397599023,973027.6145454546,9.481276863481256,0.006356780074244723
Leap041_9,5802,970395.2611800594,972262.447768281,9.826400993041474,0.005979006938826573
Leap042_1,7940,1082532.5543455607,1122694.1351105038,7.883019033271361,0.0073346524020241445
Leap042_2,10726,1138347.4836037355,1184518.5224775227,8.086645983731822,0.009422430456861954
Leap042_3,10205,1346284.4812781287,1536761.590909091,8.667287897937316,0.007580121543339509
Leap042_4,8110,1132743.7231947142,1149377.0281613125,8.229761255138873,0.0071596070972939066
Leap042_6,15528,1695586.3796588832,1782959.2499999998,7.632820745960391,0.009157893803749421
Leap043_1,8083,1186638.0105163078,1191211.1346153845,8.713498278196461,0.006811681345419801
Leap043_2,8355,1141434.6167470259,1190996.940836941,8.478084667038921,0.007319735951070865
Leap043_3,4866,751157.7140303242,801705.6047619047,8.626044181823458,0.006478000437340326
Leap043_4,8619,1172178.1772087922,1192346.2833333332,8.512794180230179,0.007352977702181497
Leap043_5,8686,1175467.402122168,1191532.4579124579,8.305775275843974,0.007389401002799779
Leap043_6,9963,1180555.20118204,1191665.3846153847,7.99080326252802,0.008439249592077076
Leap045_10,4001,1105665.6980365631,1110391.238095238,11.587185627812833,0.003618634463477487
Leap045_11,4223,1106744.7037762199,1110255.183333333,11.068107792482817,0.0038156947899466768
Leap045_12,3075,898555.0631553973,901268.2333333334,11.596744033960265,0.0034221608959630395
Leap045_13,4653,899947.6811765754,902021.7434081072,10.463003870782037,0.005170300560046726
Leap045_14,3762,899050.6085877143,900822.3545454546,10.89983721871238,0.004184414051962646
Leap045_6,4197,1115946.277371871,1117874.628,11.003609757985826,0.003760933734089977
Leap045_7,4864,1116204.953837589,1118551.6203703703,10.906774419493587,0.004357622659957955
Leap045_8,1969,578763.8391276764,584370.7601330912,10.862804447800569,0.0034020784763742554
Leap045_9,3210,1105383.1510817532,1108709.2365967366,11.883987410531333,0.0029039704439665294
Leap046_1,5253,1024997.2844661522,1138116.111111111,9.730418341045693,0.005124891626162612
Leap046_2,5258,1017580.3356958041,1137029.6141836003,9.856176636486971,0.005167159599644454
Leap046_3,2951,847032.0080160314,872165.9107142857,10.716612342622145,0.0034839297359163645
Leap046_4,2857,1071819.0390361347,1129000.0075757578,10.83505817646252,0.002665561905458633
Leap048_1,4654,577165.074422605,649761.0784313725,8.262091539699718,0.008063550977431983
Leap048_2,6789,850482.2649646084,854585.6127989658,8.46391323549437,0.007982529771249863
Leap048_3,6374,834531.121616852,853320.8847736625,8.428805489567736,0.00763782180783237
Leap048_4,4469,624305.7950278553,667371.4749163528,8.631363692123276,0.007158350980548886
Leap048_5,2335,333286.02297329536,349485.13381410256,8.537592317145961,0.007005994368347972
Leap048_6,4343,764631.3752961617,807851.0680272109,8.878736223511318,0.005679861094266296
Leap048_7,3781,685718.1309707246,698586.91845522,8.872893929934683,0.005513927413072038
Leap048_8,3648,674417.8718867509,699800.8213213213,9.621551624057842,0.005409109325342103
Leap049_1,7438,852572.6342696069,854621.1476608186,8.111039053676397,0.008724183372800938
Leap049_2,7119,1014308.5690942267,1016453.2258064516,8.781052937919265,0.007018574245465792
Leap049_3,6218,893530.0091765842,899977.0629587802,8.838973345621488,0.006958915689614142
Leap050_1,6268,845910.7302104847,860942.9434846201,8.093430361211972,0.0074097653288312795
Leap050_2,6817,784820.6205068233,786265.9033367733,8.109716768627406,0.008686061275502295
Leap050_3,4947,600365.4014747463,601753.7617753624,8.113958194558153,0.008239981830811897
Leap050_4,4743,523232.9741323283,524348.7376725839,8.34071715395449,0.009064795673218544
Leap050_5,5265,602183.3267540672,603569.3172064779,8.027210469375802,0.008743184618511092
Leap050_6,9043,1031895.0483157024,1043008.5614385614,7.946256413726709,0.008763488122905835
Leap050_7,9635,1040978.6400452949,1042890.6468531467,8.050486161821684,0.009255713450163362
Leap050_8,7840,1071220.3267982923,1075000.7999999998,8.02140049416642,0.007318755818826288
Leap051_15,1715,314585.8143130385,320240.66666666674,8.755631899288955,0.005451612634679819
Leap051_16,1304,305143.59957299917,308048.1958041958,9.269092907347002,0.0042733978422773555
Leap051_17,1114,301647.0379649287,307982.92573099415,9.476496460916408,0.0036930579776802593
Leap051_18,6576,1068662.4524054504,1070756.8721804512,9.301946145528639,0.0061534865243913954
Leap051_19,6391,1069341.7558223074,1071301.3367375657,8.844017266785043,0.005976573873789693
Leap051_20,6460,1068694.3358802123,1071112.432560903,9.136395959615589,0.00604475927598075
Leap051_21,7688,1103394.9886079477,1106224.575,8.730531821646407,0.006967586475718224
Leap051_22,6815,1146328.9110348779,1148002.0204616173,9.205883658042527,0.005945065098155453
Leap051_23,7513,1134725.5628772778,1139954.090151515,8.898883092112019,0.00662098417960162
Leap051_24,7806,1102881.848443583,1104277.262087912,8.706790955962948,0.007077820721245926
Leap064_1,3673,997367.7835742481,1032073.8723404257,10.27620946565645,0.003682693646707877
Leap064_2,4385,1005834.8158486768,1030736.083088954,9.948099734591928,0.004359562754148791
Leap064_3,2721,1020186.8265617611,1032931.2597430032,10.823083989524507,0.0026671585332760355
Leap064_4,2961,870078.7020151471,1033639.3748207884,9.786912696592207,0.003403140420679384
Leap064_5,3995,946665.1541941903,1049527.936973684,9.088685978834572,0.004220077164877352
Leap065_1,3827,1090877.0652513166,1094301.1507754892,11.237733743198985,0.0035081863226433625
Leap065_2,1618,1087926.9236742593,1094525.6603498543,13.503974861220243,0.0014872322439962447
Leap065_3,2125,1086314.8447272344,1094117.7916666667,11.904610048500585,0.001956154802002703
Leap065_4,3028,1094307.3003046054,1096647.0666666667,10.938110175838538,0.0027670472445510894
Leap065_5,4257,1089162.2527032248,1094544.6445352216,10.00434637684193,0.0039085085710916095
Leap065_6,4057,1089203.4850492647,1095500.2812121212,10.658050714370141,0.00372474019380915
Leap066_1,1502,333382.5447209118,364223.9398351648,8.789303080033358,0.004505334858660299
Leap066_10,3470,699981.0700109242,768486.279591837,9.98222889610825,0.00495727691599695
Leap066_11,4190,745584.8486339512,768188.7921122995,8.849004879158219,0.005619749392274873
Leap066_12,2835,711138.8726085705,767338.1012376328,9.890776107988568,0.00398656311614744
Leap066_13,1480,358973.0085626609,390044.7885833334,9.352242210841137,0.004122872652531638
Leap066_14,3119,592612.1834711257,708982.1952380952,9.13961726785631,0.0052631385027067535
Leap066_2,1648,364581.10832577397,400033.42261904763,8.916364751812926,0.004520256157999877
Leap066_3,2234,360916.9640014142,374393.63815217395,8.98148865695076,0.006189789405385906
Leap066_4,2315,368163.1464751136,386639.9025273927,8.931134564705514,0.006287973204717505
Leap066_5,3018,431610.1522655835,462844.85709090915,8.650997385411069,0.006992421249032456
Leap066_6,3055,515403.2665897237,539025.8288655789,9.687878034636988,0.005927397434273288
Leap066_7,3289,509595.08946822636,539590.0957142857,8.745055959473415,0.006454143825114452
Leap066_8,2877,603875.1676748929,635860.72367748,8.678767975391157,0.004764229685213492
Leap066_9,2767,745735.3227757306,748307.9761116917,9.8686261075064,0.003710431724892474
Leap067_13,1040,181972.0873564871,285623.1386847677,8.31803059660147,0.005715162226845364
Leap067_4,4613,851459.4067945854,912437.6198369565,9.359029445923058,0.005417756810469869
Leap067_5,5737,908902.6713923475,914207.0739037434,8.120897639255826,0.006312006973432581
Leap067_6,4669,837718.1920988478,914381.9852941178,9.155869775444941,0.005573473327948302
Leap067_7,5781,908695.2966688395,942407.93,9.056624754114374,0.0063618685176344645
Leap067_8,3079,479289.6538537515,501243.6,8.915088106787113,0.006424090266174437
Leap068_1,7640,870200.3409476557,1005468.4121863799,7.860456593157609,0.008779587458768372
Leap068_2,7876,1039253.1099158798,1042006.0714285717,8.329395613241275,0.007578519539515746
Leap068_3,6336,945737.5242169535,1042328.3076923074,7.718410264150869,0.0066995332613518175
Leap069_1,2930,740023.3642971059,772971.4162088976,9.60546868307826,0.003959334449910231
Leap069_2,3994,917890.6350732734,985220.0764444444,9.063327272454796,0.004351280912329132
Leap069_3,4949,920703.1485807372,955797.6394495082,9.403174210482755,0.005375239573828848
Leap069_4,5549,847987.6216226225,958418.0365497076,8.889859144138965,0.006543727595200034
Leap070_1,2200,1037536.5998646235,1068080.2016129033,9.532505639433339,0.002120407126155408
Leap070_10,6596,1110721.9181292283,1112458.709243697,9.805562505111556,0.005938480093297826
Leap070_2,3788,1055864.6310770556,1068347.2242424241,8.790940217682174,0.0035875811051043313
Leap070_3,7288,1111605.6574851354,1112769.627680312,9.447808551180165,0.006556281853124211
Leap070_4,6821,1109356.4214208021,1113360.810714286,9.306242975228841,0.006148610012338543
Leap070_5,6914,1110682.5157142375,1112915.0626102295,9.733033150841695,0.00622500120617625
Leap070_6,7355,1110839.8743262824,1112522.74037594,9.477843506440635,0.00662111630126778
Leap070_7,6759,1111211.4029039873,1113108.428030303,9.678867233004498,0.006082550973051886
Leap070_8,3707,1109301.9573031054,1112405.9002840908,10.846080245317449,0.0033417411513564114
Leap070_9,7137,1111405.405252957,1113191.6523809521,9.719699245160188,0.006421599144891339
Leap071_1,7089,1165725.0131605507,1196978.1805714285,8.928421023528719,0.006081194038017661
Leap071_2,7623,1195314.8818738644,1197415.8528846155,9.029973397593864,0.006377399056598056
Leap071_3,7840,1195856.4867624352,1197779.8029761906,9.047869778820044,0.006555970625894567
Leap071_4,6276,1195521.7173301908,1197956.8735714287,9.392190322297942,0.005249590960183815
Leap071_5,7191,1179443.6916231927,1198684.3635327634,8.979363897614464,0.006096942186450197
Leap071_6,8025,1117449.1107739327,1138081.740512821,8.366236991818562,0.007181535089720529
Leap073_1,2618,308333.62211992923,355527.13692307693,8.003010051740526,0.008490802858280907
Leap073_10,2782,301911.4090149308,309499.75757575757,7.725266064453877,0.009214623617825646
Leap073_11,2410,482835.0380399373,517016.09294320137,7.971461754058707,0.004991352760527414
Leap073_12,1770,335290.8885496354,341924.0325238423,7.772749722184561,0.005278998208559952
Leap073_13,2036,235330.91802414606,257101.6196219035,7.719956386507201,0.008651646868564448
Leap073_14,1725,169929.4101661543,200434.1973244147,7.596497795890877,0.010151273980844883
Leap073_2,420,37390.36614382445,38143.84196617336,7.40836564875123,0.011232839988366066
Leap073_3,467,52323.80587758341,74821.85887843199,8.246801017673357,0.008925191739541875
Leap073_4,2028,362812.6846612821,439782.98290381127,8.27943180092809,0.005589661237708153
Leap073_5,1471,198578.60120543704,255312.4567428018,8.174594897370204,0.007407646096158141
Leap073_6,1395,161626.96584096053,170901.33612379502,7.935379906864578,0.008630985508771274
Leap073_7,1460,181047.34168062196,208061.9338935574,7.726240910195002,0.008064189103508214
Leap073_8,2654,428209.33407526795,439447.0158313908,8.396119359187669,0.006197903195481247
Leap073_9,3914,635852.9798126108,668574.7934027778,8.399139362187286,0.0061555109817264305
Leap074_1,5522,900618.6888443533,903344.4444444444,8.384259752356513,0.0061313406754701745
Leap074_2,6350,867968.5131587595,902978.1872727273,7.934555537433698,0.007315933589446379
Leap074_3,3906,899519.4271286766,902101.8991516148,9.337347670747707,0.004342318667277928
Leap074_4,5854,900270.3329475155,902986.1700767262,8.279411985137989,0.0065024912915144124
Leap074_5,5593,900278.7770000031,902184.8086124401,8.255107896437709,0.006212520102537061
Leap075_1,2862,271721.5756084355,302968.49074074073,7.100471178923865,0.01053284044004031
Leap075_2,3494,407930.78446144075,496140.35610766045,7.3570465383873955,0.00856517853785626
Leap075_3,1476,361669.44976432534,378951.41373487195,9.244020509525932,0.004081074586094584
Leap075_4,562,120872.24853485159,141465.1044899354,8.692480020266286,0.0046495370675424825
Leap076_1,10352,1133186.0866426833,1139024.6391806724,8.033257418887843,0.009135304538260005
Leap076_2,8762,1135920.8814792016,1138900.2166666666,8.362236736373077,0.007713565392503465
Leap076_3,6751,1132561.4944813435,1137843.5910364145,8.924743321401932,0.005960824231528037
Leap076_4,3738,1124761.470920875,1137477.0657828283,9.481367823392812,0.0033233713072866825
Leap077_1,6309,1000380.110142711,1003298.9796082949,8.082409199656066,0.006306602796311073
Leap077_10,4020,769261.3123496085,895916.8981996839,9.151345265731706,0.0052257925043980614
Leap077_14,7035,1060251.035369789,1099249.916322314,8.271679365311394,0.006635221061157812
Leap077_2,6150,1022639.8523485292,1024686.8052525251,8.377018715887377,0.006013847383197813
Leap077_3,7219,1131122.8123956167,1155044.9473970467,7.952636854996721,0.00638215401624763
Leap077_4,6435,1086258.0762408162,1112964.3636363635,9.1941294604308,0.005924006588074751
Leap077_5,5634,998383.266818485,1105450.4956999521,8.762406813022283,0.005643123424888402
Leap077_6,7150,1040578.8928662527,1093713.9764492756,8.256043861475984,0.0068711753131043005
Leap077_8,5084,817935.6806047307,895659.2012499999,8.87104174564162,0.006215647661000932
Leap077_9,4758,810647.1703513378,895138.3516528927,9.222348403833884,0.005869384578173342
Leap078_1,8042,985479.5085786312,999753.5255183415,7.74746346383491,0.008160494388766208
Leap078_2,4908,995879.4330336193,998509.2995005473,9.658711582685905,0.004928307420758145
Leap078_3,5446,995444.4586652268,998433.4711538461,9.502165757951406,0.005470923015938469
Leap078_4,4961,994378.3274181368,999783.530224321,9.489237464037945,0.004989046787535119
Leap079_1,3486,1007493.1173522922,1010564.5714285714,10.011401083282532,0.003460073264977991
Leap079_2,3560,1006461.9849075499,1008612.6879503106,11.100088455426677,0.003537143035091394
Leap079_3,4837,1006712.4056120006,1010158.706374644,10.028705799100111,0.004804748578676242
Leap079_4,5017,1034738.2303541547,1037695.1995373047,10.402132806070673,0.004848569283347013
Leap079_5,4402,1035356.8989901479,1037495.6060724991,10.322012325725847,0.0042516739921215204
Leap079_6,3005,1029725.9560097237,1037711.3445378155,11.078957328051686,0.0029182521645318453
Leap079_7,4889,1072926.5730716202,1075207.3185386045,8.96307542921901,0.004556695791403098
Leap079_8,5282,1052513.4944276907,1076989.4473684211,9.555533083130946,0.005018462972650163
Leap079_9,3857,1071219.4932403187,1074476.1104536492,10.28239938297133,0.0036005692804683825
Leap080_1,2554,618829.8274516974,642254.0816648051,11.225757790563758,0.0041271443080195605
Leap080_2,2176,582529.1068240664,644462.166894509,11.360127243399363,0.0037354356623714403
Leap080_3,2226,642853.6135430717,645932.9134615385,11.322684951557683,0.003462685676963775
Leap080_4,2016,639480.1983496518,644908.3878341014,11.5820545605505,0.0031525604783429143
Leap080_5,2591,631919.3577528007,645734.375,11.043385074139385,0.004100206724500388
Leap081_1,4421,1096460.2324702777,1097991.3656249999,11.68752199394694,0.004032065978389091
Leap081_10,4578,1087433.3897748638,1098337.9571385903,10.58239466449179,0.004209913032878091
Leap081_11,3766,1095242.8630758477,1099558.0748663102,9.545926706322513,0.003438506770474337
Leap081_12,1798,796512.6585615329,800116.134868421,9.793553234983355,0.002257340144784528
Leap081_2,4839,1095724.3746682454,1098920.6600784315,10.672580471605977,0.004416256598713626
Leap081_3,4196,1096182.2112659607,1099319.4991644383,11.62906264253828,0.0038278307719974004
Leap081_4,3987,1096275.8820474697,1098495.9104166667,10.128529073467817,0.0036368582628613913
Leap081_5,4393,1094151.576741713,1097168.426724138,10.889497928348721,0.004014983018241373
Leap081_6,4715,1074408.5977921933,1097784.9113993426,10.74987334975174,0.004388460786416707
Leap081_7,4030,1095215.9151210855,1098149.9709090907,9.593064805426417,0.0036796397352885884
Leap081_8,4289,1095984.0297760435,1098351.692307692,9.31663038874861,0.003913378191173485
Leap081_9,4904,1092724.2812789148,1099146.1306547618,10.485707360567543,0.004487865863345145
Leap082_1,6345,1110004.41414039,1112735.3575757577,8.603091842964844,0.005716193484612129
Leap082_10,6367,1032374.0368997257,1120895.892857143,8.310588731008929,0.006167338360348969
Leap082_11,5049,1061094.6285987822,1118840.0697717885,8.698744495900195,0.004758293807091839
Leap082_2,5258,1060965.2197628454,1109840.0472154964,9.289226840360595,0.004955864624078163
Leap082_3,5995,1066212.0473665642,1110269.6459330146,9.116032559835432,0.005622708929998534
Leap082_4,7165,1051498.3833779334,1062494.6968201755,8.605478035755855,0.006814085607038665
Leap082_5,6273,1040553.005054143,1063272.6470588236,8.619237353958054,0.006028525187598298
Leap082_6,4337,1041731.8588639263,1061604.6924019607,9.163159007240564,0.004163259444450292
Leap082_7,4351,1023078.300955131,1061277.5226244344,9.17731500935986,0.004252851415124307
Leap082_8,3505,1033733.3602935865,1060093.8302463663,9.510891762587686,0.0033906228962220578
Leap082_9,2634,1008633.3806168308,1060962.110344072,8.996657076480087,0.0026114543208843382
Leap083_1,4269,1115328.1778910751,1124270.9788533838,8.720141107972571,0.0038275729822159284
Leap083_2,4594,1043446.7841960286,1125107.255,9.300348416580414,0.004402716141906228
Leap083_3,5066,1036415.4348794818,1078527.790343915,8.328731601349386,0.004888001306724165
Leap083_4,8618,1043653.3598545013,1045792.0307692309,7.717457198959993,0.008257531026586702
Leap083_5,4601,1114327.0388658901,1140639.8166666671,8.246050354762998,0.0041289494372161
Leap083_6,3152,1084576.8854511548,1093245.3708849289,9.527486529485895,0.002906202448421951
Leap083_7,4838,1038695.9451691463,1044450.2604166667,9.69104432429011,0.00465776344126592
Leap083_8,3697,601562.0167579937,627047.4666666667,8.720810408080313,0.006145667274546841
Leap083_9,4672,1039970.9895978742,1044177.9047619046,8.946638841520528,0.0044924330070077465
Leap084_b_12,5091,1031698.2918686535,1132930.398321201,8.781273006830292,0.004934582173998734
Leap084_b_13,6617,1095128.2897810054,1134460.8983516484,8.852241590558814,0.006042214470893828
Leap084_b_14,6719,1129529.5833947416,1134088.0636363637,8.695967969202012,0.005948494044579514
Leap084_b_15,6495,1122487.9150042427,1134208.4125494072,9.139235147042648,0.00578625383238576
Leap084_b_16,6757,1133412.0564102333,1135696.711111111,8.966482984119354,0.005961644718515624
Leap084_b_17,4394,1124554.8330229,1133136.6450453573,9.292589672947043,0.0039073239214032374
Leap084_b_18,5673,1130578.4749127647,1133789.4994367112,9.52602497243901,0.005017785254082188
Leap084_b_19,3571,1127892.7877025262,1132350.281815126,10.872189951103756,0.0031660810663343172
Leap084_b_20,5738,1129285.876046609,1134728.1795531327,9.198980396089112,0.005081087191214615
Leap084_b_21,2671,1104776.856368129,1134134.271364047,8.647048450979172,0.00241768279685068
Leap084a_1,5120,1110909.9997951789,1144583.7907692308,8.02117638540885,0.0046088341998397585
Leap084a_10,6575,1247243.1156698705,1255314.3244147934,10.3752035792432,0.005271626611840381
Leap084a_11,8106,1255298.121574358,1257357.4386363637,9.469603046515282,0.006457430199794844
Leap084a_2,7722,1221420.8904866076,1258368.2870370373,8.758312396309421,0.006322145019906771
Leap084a_3,8391,1256699.2991094412,1259300.0558441558,8.923834252694396,0.006677014943786691
Leap084a_4,4943,1240322.2154160298,1258650.9080578515,9.852941867728282,0.003985254749582967
Leap084a_5,5084,1254146.2290219457,1257487.6363636362,9.547146509923904,0.004053753766787459
Leap084a_6,4174,1236734.691997409,1257822.9656084657,9.317306870071235,0.0033750165067810227
Leap084a_7,7891,1254984.736950799,1257181.024521531,9.160472533781833,0.0062877258724058594
Leap084a_8,7303,1255141.6783267201,1258324.6153846153,9.20526475694615,0.005818466652892862
Leap084a_9,7047,1254835.7276377755,1257393.1655844152,9.842512104152387,0.005615874528266705
Leap085_1,6378,1147583.3356717355,1171378.8697036807,9.312433770055401,0.005557766309203725
Leap085_2,8349,1182090.1799942069,1184344.3181818184,9.260158484368484,0.007062912915866466
Leap085_3,7742,1181439.186963548,1185229.1978021981,9.187175700584486,0.006553024552958959
Leap085_4,8204,1134706.609733359,1154105.3904761905,8.858524935238496,0.007230062757744781
Leap085_5,7358,1034323.1290496853,1150885.9025641023,8.783997575539905,0.00711383105854007
Leap085_6,7184,1105220.4143301682,1128320.3515734912,8.83045171316665,0.006500060899032477
Leap085_7,5491,1140852.6066691393,1151849.0386904762,8.58474709816542,0.0048130669710539165
Leap085_8,1840,990089.689076739,1095852.3577003006,9.859955190146405,0.0018584174952026866
Leap086_2,2547,1076648.9140048563,1083065.2373627305,10.103252741137732,0.0023656736814286258
Leap086_3,2901,1172332.5325152227,1175420.0897435897,10.105490478279851,0.002474553865511133
Leap086_4,9089,1171150.678572659,1176216.657142857,7.986631873043052,0.007760743486121895
Leap086_5,12032,1171282.735580701,1176216.5679012346,7.789567790123824,0.010272498376777277
Leap086_6,11271,1159003.8527665436,1176330.6734265734,7.992324732162998,0.009724730399382289
Leap086_7,9573,1174800.528213622,1176464.148979592,8.53928724968568,0.008148617378097803
Leap086_8,8085,1174773.6949146038,1176918.75,8.736458032169933,0.006882176571537646
Leap087_1,1064,629038.7642944352,646751.0140128967,9.66160197676169,0.0016914696842148377
Leap087_10,6027,1118569.4038555888,1120151.3401679841,9.369769110824377,0.005388132358372737
Leap087_11,6021,1117672.1353454266,1120262.437278106,9.444069391051194,0.0053870896567884425
Leap087_12,4975,1099157.336068326,1120738.1135057472,9.232761663029288,0.004526194600852615
Leap087_13,7085,1010314.4579455481,1045431.6041292043,8.106226855532972,0.007012668129492266
Leap087_14,1347,146897.83926671138,158845.51353383457,7.54932660578445,0.009169637938338583
Leap087_2,1406,619974.918387393,634573.7447916666,8.532522173179792,0.002267833678912567
Leap087_3,2363,452882.9320075343,471720.0463620831,7.858615771510872,0.005217683937712822
Leap087_4,5935,1021637.4101352757,1084430.8892045454,8.146242018752945,0.005809301755320552
Leap087_5,4513,994560.3487881462,1085013.771428571,9.225415917152153,0.004537683415087892
Leap087_6,5494,1048538.340970735,1084306.3828502416,8.814895876678385,0.005239674874371942
Leap087_8,7359,1111799.165134217,1121029.0615384616,7.970539501774676,0.006619001192640416
Leap087_9,6038,1117597.9239826081,1120403.4520123838,9.1391041373717,0.005402658568372539
Leap090_1,3715,1065307.3754308664,1129950.373809524,9.158028107976342,0.0034872564347894976
Leap090_2,2383,938115.0556788485,1031296.5658289574,9.55067790540265,0.002540200144507423
Leap090_3,3722,675520.3628630013,737383.08801834,8.57451043117039,0.005509826505044732
Leap090_4,3983,952593.9176808181,956124.9769585256,9.341218939212705,0.00418121502360313
Leap090_5,4222,1160115.8955367748,1181330.74,9.862207677714201,0.003639291570991293
Leap090_6,6249,923798.4694182178,925421.7434245839,8.498827860691998,0.006764462387489604
Leap090_7,4051,849231.7954611274,926250.407768936,8.795648429098238,0.004770193510948719
Leap091_10,6109,1233264.8423085264,1236636.8994444448,9.576551886180365,0.004953518328281111
Leap091_8,7372,1232701.3887475475,1235837.4038461538,8.582959860252018,0.00598036155981792
Leap091_9,6812,1219617.076193697,1236098.601190476,8.967034136871304,0.005585359645225344
Leap092_1,7959,1149384.1951659834,1150955.931868132,8.98675284873118,0.006924577555071249
Leap092_2,8725,1138874.5051973504,1151510.0823529412,8.834368516662076,0.007661072365903989
Leap092_3,7011,1144072.5008075964,1152192.0833333335,9.120927279839266,0.006128108135674061
Leap092_4,7115,1140126.9516572978,1150179.780392157,8.886551277441319,0.006240533117524832
Leap092_5,7420,1051392.071851342,1080495.609649123,8.69150933655728,0.007057310206776151
Leap092_6,4511,709687.4481610232,735337.4583333333,8.99036223646015,0.006356319266585767
Leap092_7,4464,829107.1578564312,839863.081835512,9.474315068981918,0.005384105007055058
Leap093_1,4151,1024498.4178894631,1058887.6386206897,9.681194424632594,0.004051738809466728
Leap093_10,3658,1052913.3835162036,1059678.8361344535,10.411385689470077,0.00347416991489282
Leap093_2,3560,1098268.0983804273,1104156.9619799142,10.58628630839234,0.0032414671838777724
Leap093_3,4048,1101557.1380555683,1105211.7693877555,10.5418933770708,0.003674798029220158
Leap093_4,3157,1100964.6853177454,1105162.2563025213,10.147891292611511,0.0028674852537062707
Leap093_6,979,759018.0703228915,792044.033411215,11.218090678586444,0.0012898243642388207
Leap093_7,1138,491314.3815019483,575087.7391789216,11.016740387808465,0.0023162358824529695
Leap094_1,5441,937484.7989032767,939510.475,9.681659722757702,0.005803827439511759
Leap094_10,5980,844771.7677457064,846619.4287545788,8.657547870285892,0.007078835051457476
Leap094_11,762,186332.0355739951,188645.4116324191,9.56781869608589,0.0040894739203200465
Leap094_12,3060,786926.553469237,789942.3670634922,10.251826446682708,0.0038885458706530013
Leap094_13,2962,785040.6421843751,789309.9232706971,10.071933418063239,0.0037730530635436106
Leap094_14,1330,441302.5313390808,447058.9557582815,10.34177788355937,0.0030138055088065573
Leap094_15,2853,467045.4334841431,470564.0779857398,9.244763370183602,0.006108613414152701
Leap094_16,4621,1110660.772087041,1120104.236256158,9.772299686872659,0.004160586306939324
Leap094_17,912,580276.821817364,588006.65625,10.627813701593269,0.0015716636710453385
Leap094_18,3862,688593.0983177092,705551.907936508,8.668138458884487,0.0056085371889947645
Leap094_19,903,236696.3177965306,245581.12878045157,9.89906737789944,0.0038150149880077085
Leap094_2,3155,921239.0995653194,935976.5194669494,8.644797433471181,0.0034247352305049428
Leap094_3,5446,937436.1149254105,939822.355590062,9.439463116894224,0.005809462547144693
Leap094_4,2722,503811.9577682404,507879.6013621795,9.207291925839876,0.005402809437191153
Leap094_5,2172,503510.36828346073,506981.36026936024,8.46357161640201,0.004313714546543819
Leap094_6,3993,843026.2317868841,845012.1955128205,10.301300223353586,0.004736507417493297
Leap094_8,4289,842162.6884754411,845150.625,9.708973395694716,0.0050928402061653135
Leap094_9,3753,838375.9415527539,843904.1419759227,8.869206664042135,0.004476512044285382
Leap095_1,5278,1030782.6138062981,1115271.7680215053,9.126135001333271,0.005120381280501329
Leap095_10,5198,1114144.4447748037,1194868.5546448084,9.425537504854924,0.004665463283847944
Leap095_11,7247,1184261.182984519,1190820.1975867269,8.659830760100256,0.006119427119730846
Leap095_12,7670,1187820.8989773397,1192375.461038961,8.77066816838439,0.0064572024339726005
Leap095_2,5994,1027429.4208855456,1116891.9142857143,8.674119145803719,0.005833977379033732
Leap095_3,6106,1082649.8258854758,1105187.6977567887,9.020496737258028,0.005639866052724883
Leap095_4,3647,645446.633403867,655932.6302083334,9.092613556874856,0.005650350952745631
Leap095_5,5360,1112224.989893977,1115472.8494983278,9.545003378838427,0.0048191688270832166
Leap095_6,6138,1086853.1817148244,1115424.279100529,9.055912503875472,0.005647496923471793
Leap095_7,6199,1117017.2534213604,1175885.1026687594,9.100946745090974,0.0055496009403729575
Leap095_8,7541,1138509.4227847958,1194052.7351551957,8.518682736423754,0.00662357276021019
Leap095_9,7570,1190913.252197359,1196437.9166666667,8.856607221914658,0.006356466338780395
Leap096_1,5965,1025949.9987790472,1029413.6406166932,8.322081380949273,0.005814123502216259
Leap096_10,4940,1018907.3889867804,1029639.8425324674,8.544354566037452,0.004848330725045015
Leap096_11,6199,1028692.3656122999,1030682.7529411763,9.279191069524744,0.0060260970210566514
Leap096_2,6115,1028487.1851940337,1030625.4019047619,9.745013635230631,0.005945625855169356
Leap096_3,5639,1027972.491789651,1030328.6810534863,9.692441824352585,0.005485555348064587
Leap096_4,6865,1027980.0631508763,1029363.3396409982,9.684001541843987,0.006678145078959986
Leap096_5,7680,1028934.5268239023,1031352.99689441,9.14678407899446,0.007464031772465149
Leap096_6,6660,1027662.6870983099,1030240.9924516907,9.291162048101395,0.006480725712446618
Leap096_7,6028,1027166.7240595275,1030650.5263157893,9.401846373191432,0.005868570173473278
Leap096_8,5451,1027853.4960357687,1030667.8999999999,9.639233733468723,0.005303284973027234
Leap096_9,2125,1016069.340660128,1028433.9280965045,9.116574667849957,0.002091392698277278
Leap103_1,2906,753544.1222493539,904798.8674603174,9.00716625665944,0.003856443059134341
Leap103_2,5976,998564.7301137102,1067752.2779411764,9.054951893747328,0.005984589501092725
Leap103_3,10693,1991643.993063278,2146640.6185500515,9.280788533790059,0.005368931414069374
Leap103_4,10433,1489090.3078044758,1536435.0649350646,8.95697678100016,0.007006290985388577
Leap103_5,10387,1531370.0943417219,1737698.841666667,9.264262101746942,0.006782814969666088
Leap103_6,8925,1416632.256510538,1511231.4,9.332652796872603,0.006300153027705401
Leap104_1,5802,989137.4856719711,1109651.1264596274,9.399323104874242,0.0058657164287514675
Leap104_2,9703,1272857.171289216,1313531.7575757573,8.544955433154133,0.007623007686064491
Leap104_3,9458,1330394.4271197382,1349706.6118095238,8.534823260907313,0.007109169887667277
Leap104_4,10943,1528659.6694250097,1554053.5263157894,8.5198168378052,0.007158558715764446
Leap104_5,8246,1456813.6579086157,1508805.4736876918,8.975304323315743,0.005660298388359332
Leap104_6,4521,892759.5715951433,989696.1170212765,9.235904554413965,0.005064073400996505
Leap105_1,1690,1135039.397472627,1144105.2218045113,11.676628772862468,0.0014889351010749885
Leap105_2,4917,855342.4873698597,1113755.0513383585,10.160851611127313,0.005748574486366926
Leap105_3,6945,1141069.6175530986,1219137.4649999999,9.463695833616859,0.006086394636370047
Leap105_4,7651,1257571.5971969909,1498873.6355555558,9.549185971196101,0.006083947838082032
Leap105_5,6280,1335951.993473292,1429820.9180443087,10.129426867961158,0.004700767715217716
Leap105_6,6711,1459515.3381558296,1687580.7520546014,9.70733041765324,0.004598101729084727
Leap105_7,7090,1474601.3384754867,1531246.6560589715,9.75779462689201,0.004808079183849094
Leap105_8,3206,578599.1350496723,591516.4811197917,10.04780361339128,0.0055409692234067495
Leap105_9,8986,1684235.0640159948,1797709.1601041667,8.971806992900813,0.005335359767759034
Leap122_1,4532,815838.8457234749,1063344.4340513984,8.540474181294943,0.005555018645846759
Leap122_10,4213,970920.8629987239,1073116.2616222159,8.621786429314085,0.004339179598003486
Leap122_11,1325,747797.0307203708,1070047.330665915,10.182420335013243,0.0017718711703409624
Leap122_12,3531,906768.11326,1073114.4863090676,8.978333487362471,0.0038940495903692493
Leap122_13,1236,544880.6813923832,812424.9707790824,9.606597266322954,0.0022683865334361584
Leap122_14,2667,693132.7760612126,1051722.9209415715,9.906669734159786,0.0038477476352445196
Leap122_15,2314,761206.5914193613,1035715.0657954545,10.06623707987584,0.0030399106183319675
Leap122_16,2903,851590.4478861729,1075132.4126461986,9.525899105833238,0.003408915643905892
Leap122_2,2248,668885.6470655744,1032896.7641030434,9.313583548610659,0.003360813630643829
Leap122_3,2038,750627.2708382058,1069337.4385090221,8.88471442899306,0.0027150625605757953
Leap122_4,1146,212690.2603602591,356891.98724911443,8.742372720838631,0.005388116964354089
Leap122_5,2430,785905.668168671,951069.903512907,7.627934697992199,0.003091974136873732
Leap122_6,1795,733943.1296031482,938579.3963579895,9.737383357679066,0.002445693579788093
Leap122_7,4656,796615.5945788282,1075617.6758503402,8.048496045069859,0.005844726153599383
Leap122_8,2724,869779.8232026157,1028351.5610888547,9.391126899868794,0.00313182707546602
Leap122_9,4451,841944.7039673888,994228.282540107,8.408499272230864,0.005286570458874697
Leap123_17,1676,956062.4630258648,1074285.0558111842,9.552195912603334,0.001753023536449269
Leap123_18,2165,1068521.0120982642,1072415.004305631,10.929746091134332,0.0020261651156008344
Leap123_19,1857,1064225.9704317013,1074440.2851780185,10.754536092421429,0.0017449301667076507
Leap123_20,1037,1065753.4072595246,1072018.2473830048,15.354868146756894,0.0009730205814368814
Leap123_22,1094,1066753.6824554435,1072649.5584207063,15.432950330376713,0.0010255413391044887
Leap123_23,1187,1068795.2970005192,1074768.7284280935,16.244802113369385,0.0011105962042789784
Leap123_24,1311,1043099.4025856567,1069221.8408525346,10.776821129202283,0.0012568313209175134
Leap127_1,4251,982728.6206570982,1072878.1556790122,8.788871034407702,0.004325710995531587
Leap127_10,1955,981578.7066531458,1045208.1656614064,10.07499957229999,0.001991689496470328
Leap127_11,2862,976764.7968468155,1015280.4406025803,9.869845367074088,0.002930081027939465
Leap127_12,1711,966049.4558619364,1023507.8189959809,11.536336245336054,0.0017711308563114895
Leap127_13,3307,731017.8369033954,790863.6515151516,9.514419395471513,0.004523829423928301
Leap127_14,1861,529652.9894376602,536069.2690373563,9.700447024601619,0.0035136212522388463
Leap127_15,1272,519469.3335801239,534675.9144736843,11.358511512843549,0.0024486527264920913
Leap127_16,590,461262.6537703658,525585.612113764,12.397673858989824,0.0012790977010112
Leap127_17,4396,1037473.1719256316,1075793.5744107747,9.10815636335834,0.004237218001349065
Leap127_18,4939,1073675.5693573647,1076155.772727273,9.457267215264974,0.004600086041779062
Leap127_19,5168,1052116.266067656,1075168.2363199666,9.662596565002787,0.0049120046583023495
Leap127_2,2999,887858.21687248,1051288.0595238097,9.244933390902327,0.0033777915696541175
Leap127_20,5476,1051789.4195408798,1075887.6898880103,9.666188719915533,0.005206365360083531
Leap127_21,2764,1020278.8971278301,1074175.9448223736,10.346010067366507,0.00270906318633159
Leap127_22,2730,759443.7374313917,834808.4282715825,9.18815917185574,0.0035947363385120134
Leap127_3,1277,735460.4626702511,905249.4552238085,9.461510524535324,0.0017363271920336416
Leap127_4,3298,977766.2101246077,1073857.9500000002,9.648521067075173,0.003372994449848803
Leap127_5,1376,519539.93461042526,807508.9732142857,9.259560873014134,0.0026484970804636753
Leap127_6,2014,1009452.1146117428,1075583.5222396646,9.744798751160868,0.0019951416920599824
Leap127_7,1557,443514.00657126366,628856.0748663102,8.871178331628432,0.0035105993879131795
Leap127_8,4054,1061683.2421256162,1076008.566666667,9.602132396778833,0.003818464716353071
Leap127_9,1643,873481.136575152,978933.2156168835,10.30687647497213,0.0018809793723102805
Leap128_23,3208,947937.5169613144,1075871.4270186336,8.919595590415344,0.0033841892979228076
Leap128_24,4892,1072282.7997893016,1074665.549452862,9.616501099966646,0.0045622292933928015
Leap128_25,6490,1073048.0304008955,1075762.9538939323,9.241876316267831,0.006048191521842044
Leap128_26,6362,1074027.834739761,1076413.5217391304,9.212707333238242,0.005923496388286366
Leap128_27,6399,1069745.5113598418,1076311.0006975122,8.942225155653135,0.005981796541371511
Leap128_28,5206,1074231.8846295164,1076099.550595238,9.147523392872253,0.00484625347142387
Leap128_29,7214,1072973.8136939008,1075743.076244344,8.807525796540844,0.0067233700468090065
Leap128_30,4565,1001470.3461284454,1072123.0896769152,8.710278133318733,0.0045582977245883505
Leap128_31,5757,1068989.8029324973,1076472.544507576,8.631153424963783,0.005385458293621846
Leap128_32,7788,1076015.3050701064,1077548.8510101011,8.33369204353415,0.0072378152646189195
Leap128_33,5301,1030456.5424508634,1075278.4822361546,8.333048274713356,0.00514432174635135
Leap128_34,2518,887770.9363393856,1074188.0252873562,8.246737423653315,0.002836317226583992
Leap128_35,5696,990555.8143060437,1075131.107017544,8.196230417781853,0.005750306966791631
Leap128_36,3035,585534.6568745289,889630.2828282828,8.568468343439418,0.005183296948126427
Leap128_37,7704,1041408.6371519384,1077123.292633293,8.809548589849454,0.007397672465122842
Leap128_38,6329,984122.7191999294,1075297.80982906,8.854263671569566,0.006431108515760454
Leap128_39,6613,1060351.0798087942,1078020.6944444445,8.836923090005728,0.006236613632903997
Leap128_40,6856,1067213.6236995796,1076486.9444444445,8.69672868376779,0.006424205845717317
Leap128_41,6508,1074394.8135130068,1077279.1770729276,8.887343216307352,0.006057363567048914
Leap128_42,4936,950821.864347332,1049657.2202380951,8.914644600477098,0.005191298375735389
Leap128_43,5373,757311.897924956,778557.8892177589,8.781152672499486,0.007094831092343969
Leap128_44,5618,851601.9039229463,920755.2777777779,8.799924129762685,0.006596979144974201
Leap128_45,4288,842804.2494233267,1058985.1372759857,8.441477413139015,0.0050877769101591325
Leap128_46,4322,833644.0019110588,908666.8169570263,8.745856038905778,0.005184467218731471
Leap128_47,3203,745682.5802995424,823123.3452380953,8.72757100930855,0.004295393354520026
Leap128_48,3737,848794.9487217622,940680.3215130026,8.177609733466353,0.0044027123460474325
Leap128_49,3461,729095.4158141856,932356.4302226155,8.228145341043868,0.004746978138842196
Leap132_1,2935,731527.6417213867,794953.1983696613,8.619508011908039,0.00401215187589294
Leap132_10,3008,1056328.402681253,1073761.910118995,9.942202441731082,0.0028475992810236533
Leap132_11,4173,1056682.974178399,1071359.9332881048,10.067195738796729,0.003949150409321799
Leap132_12,5697,1050446.5251373565,1075166.488284202,9.509915873739873,0.005423407916224064
Leap132_13,5078,871914.530588147,1014539.965098985,9.128350301952123,0.005823965333591415
Leap132_14,3737,718178.0782356393,1073758.3899868247,8.557787106238894,0.005203444818561928
Leap132_15,7041,964513.5941016353,1076764.5499999998,8.607245928418422,0.007300052630733639
Leap132_16,3462,739529.0513016025,978427.9825953068,8.776967332563556,0.004681357674734661
Leap132_17,5012,955520.7426919376,1050890.328403014,8.718255213315157,0.005245307376457323
Leap132_18,3185,1068852.37192117,1075403.563701923,9.628121740437127,0.0029798315311545193
Leap132_19,3065,844117.1752221796,960433.5322534811,9.303871395262524,0.003631012482589592
Leap132_2,3360,553129.4202165582,822825.8581349207,8.822028312749918,0.006074527727497322
Leap132_20,2645,753862.599698765,766870.3882170543,9.496349939247482,0.003508596926093578
Leap132_21,3255,651297.372217792,727862.7384259258,8.677280884580872,0.004997717078016303
Leap132_22,4018,962466.4641801375,994634.3501552795,9.586245198925646,0.004174690910838824
Leap132_23,6258,1073450.844174992,1076984.840811966,8.673436862741823,0.0058297965239476135
Leap132_24,8208,1075575.8166753394,1076982.6666666667,8.502682711922152,0.007631261202368192
Leap132_25,9056,1074409.6108110019,1076908.492063492,8.306185456437502,0.008428815145430629
Leap132_26,8943,1073478.1907143833,1076993.3659090907,8.152591709812882,0.008330863241896485
Leap132_3,3498,649292.8616799208,923579.1918941274,9.07011019106746,0.00538739944090806
Leap132_4,7020,1050469.8320034929,1076273.1315789474,9.044231555175209,0.006682724040357456
Leap132_5,6398,1070319.516404547,1077326.0113636365,9.213128407934358,0.00597765424430676
Leap132_6,6262,1073062.5822502705,1075004.0398550723,9.434217208117076,0.005835633544194828
Leap132_7,5547,1028791.897285552,1076480.3571428573,9.792141746121791,0.00539176097190856
Leap132_8,5468,865176.2841652812,1049194.472793925,8.457777603624743,0.00632009926771803
Leap132_9,5577,1059401.3552288706,1077102.7841269844,9.339459738119315,0.005264293813174477
Leap133_27,1889,1069869.8276757475,1074205.2803191638,10.280258020276918,0.0017656353615502763
Leap133_28,5454,1071058.52318953,1075358.9129935722,8.951559566392032,0.005092158721409925
Leap133_29,5597,1072530.2066975562,1075481.5217391306,10.025953666819174,0.005218501040855349
Leap133_30,4026,1072405.675587703,1074472.515194682,10.483987477881248,0.0037541763267838536
Leap133_31,4542,1072690.37587295,1074621.691232194,10.769765193191038,0.00423421343395921
Leap133_32,4966,1071794.9241643907,1073762.3213513517,10.530436361241868,0.004633349055904207
Leap133_33,4104,1072634.9695304844,1074074.80214178,10.533938823693571,0.003826091929294837
Leap133_34,4795,1072218.8480363935,1073880.5654308745,10.70545671334356,0.004472034798475438
Leap133_35,4890,1073859.584583543,1075934.6639515457,10.560130549799915,0.004553667975032701
Leap133_36,3691,1072091.0425549813,1074596.362765587,11.064761614638304,0.00344280462525244
Leap133_37,5631,1072453.4550993103,1075434.1320987656,9.921273409878301,0.005250577517584261
Leap133_38,3085,936172.5835625809,1016002.045601689,10.253331140275238,0.0032953325638528223
Leap134_39,1084,982348.1346444559,1065309.1521130477,11.231610518157023,0.0011034784530764496
Leap134_40,1163,948073.5328936344,1013442.1554729572,11.274044236072166,0.0012266980984590764
Leap134_41,1746,993230.0668537734,1073277.3560883622,10.001175417174567,0.0017579008713769152
Leap134_42,3121,975282.9385368933,1015130.615868014,9.97265669695597,0.0032000969940908465
Leap134_43,4809,1022873.4785517693,1075620.72991453,10.127090158071688,0.004701461227451904
Leap134_44,4578,1054555.904196306,1074593.8966196848,10.040479274289076,0.004341163879300423
Leap134_45,5567,996542.4189168276,1074443.0999581183,10.036882313638802,0.005586315137544212
Leap134_46,3129,1035088.4069978837,1065859.8306436506,10.511257619148605,0.003022930194991931
Leap134_47,1194,973374.8654738053,1072024.3245057089,10.603986300662115,0.0012266599871764738
Leap134_48,791,813381.7291591469,956507.1146188476,9.977950300541833,0.0009724831178808447
Leap134_49,3640,891202.6862345057,957152.8311420723,9.749986495779616,0.004084368299404107
Leap134_50,5055,964841.8527218499,1074497.541283525,9.957196913675515,0.005239200585815885
Leap134_51,4203,1020658.9935423831,1062178.0631313128,9.874379492330664,0.004117927757058919
Leap134_52,2959,912857.8152489539,1076282.1389943077,10.199396001513543,0.003241468660914103
Leap134_53,3263,1041174.5096835371,1074394.8484848484,10.624991987359858,0.0031339607046198073
Leap134_54,3054,1038844.443972655,1072842.8688128556,9.855935002041475,0.002939804912775169
Leap134_55,571,864086.3744934456,988636.0127476234,13.113799500850199,0.0006608135677810428
Leap135_1,5928,983868.2365256542,1075017.146030246,9.011024633595106,0.006025197053757542
Leap135_10,2241,922357.9673974338,1051695.9722457894,10.686852858903984,0.002429642372281236
Leap135_2,4914,1068499.8518125834,1073820.8400869968,10.945287488754094,0.004598971157238797
Leap135_3,3243,1039728.2662048757,1059397.6750830566,11.01467248967185,0.0031190841928702318
Leap135_4,2084,800943.265759231,996582.7041427204,11.789851997583323,0.0026019321081681515
Leap135_5,1482,865934.9074112858,1074070.6604969574,10.125882577994211,0.0017114450373994531
Leap135_6,3528,968575.3395229137,1038977.7160602227,11.212502914556772,0.0036424631683661998
Leap135_7,3214,1021162.0603435141,1075250.057142857,12.077217236587781,0.003147394644605995
Leap135_8,4131,1062254.7800996057,1074772.0986855414,10.410234353165523,0.00388889753888671
Leap135_9,4597,1066424.226804857,1074465.0247619052,11.186414025556683,0.004310667260226447
Leap137_22,2693,929738.5899366924,1071551.7795741544,9.433760826607237,0.002896513094270263
Leap137_23,1345,832224.3086056347,1041424.1768820786,9.560705852779735,0.0016161508214696404
Leap137_24,3580,867902.7316805657,1073600.16722973,8.462090131771573,0.004124886199018935
Leap137_25,6209,1050450.170497374,1076183.0192577029,9.596956172358457,0.00591079917390096
Leap137_26,3818,883338.4193943585,1060583.3368761009,9.78000311146124,0.004322239264332834
Leap137_27,2534,614306.8910757212,660088.6395693483,9.960761761754675,0.004124974075356175
Leap137_28,4739,1059221.3600534047,1075246.155084681,10.246576787843447,0.0044740411954693445
Leap137_29,5876,1073317.121407651,1077120.451298701,9.431693422338332,0.005474616851628761
Leap137_30,6326,1030532.6943570226,1073890.6404207516,9.01245984048709,0.006138572831934229
Leap137_31,7596,1008488.4261438074,1076110.2367330012,8.484495011,0.007532064625714241
Leap137_32,3235,523196.90336146386,547921.00042522,8.658991398125446,0.006183140571390229
Leap137_33,1834,952451.9373763292,1069610.117887015,10.303265943762241,0.0019255564801012703
Leap137_34,902,939536.1002501512,1073386.1742277998,12.707563714741577,0.0009600482618601272
Leap137_35,3198,958723.5802008051,1029630.999241946,8.376031112702087,0.0033356851401633173
Leap137_36,3915,814020.1221808546,889199.6535172415,9.215615233386199,0.004809463419050699
Leap137_37,6548,846521.2199039216,1014311.4244457302,8.09153180853191,0.007735187076282842
Leap137_38,4015,995898.8005929991,1040710.4491228069,8.78415991195931,0.0040315341253642474
Leap137_39,6060,890880.0058661648,1076860.5923076924,8.333990945005288,0.00680226288624372
Leap137_40,6923,1051742.8380591462,1076102.620347826,8.125620312860711,0.006582407551997683
Leap137_41,5174,1039899.2201729683,1075941.3908571424,8.79773176720197,0.00497548214252858
Leap137_42,6274,1064479.0492597453,1075956.6333333333,8.961729570672595,0.005893962877299496
Leap137_43,3546,1030960.629030646,1073405.078225036,8.295554652677286,0.0034395105886187946
Leap137_44,1565,1003138.7125560079,1075713.1067193677,9.184456972504927,0.0015601032842331084
Leap142_1,1938,737438.7147963848,971019.0910762801,9.28413578908079,0.002628014994486835
Leap142_2,3352,845998.2770571802,987255.8216666665,8.765955745764359,0.0039621830101829415
Leap142_3,4012,929458.5926324164,1043165.0311305134,8.807705576163245,0.004316491376595053
Leap142_4,2912,756105.1908788926,930121.8949362042,8.779462850450798,0.0038513159744547015
Leap142_5,564,311363.616814586,438808.08209325396,8.857239352297082,0.0018113869750422912
Leap143_10,949,714517.3355512612,811130.747203868,12.534067832429443,0.0013281693148394108
Leap143_11,1681,713467.9503359569,839603.5026960449,10.130652043056354,0.0023560974241498204
Leap143_12,939,542567.394348756,770156.2539047247,11.221747593739238,0.0017306605774331176
Leap143_13,1156,900948.2189168005,1052246.144194317,10.78513375520797,0.0012830926081299605
Leap143_6,1433,774733.0755124424,950734.6988095238,10.199917232176242,0.0018496693187549157
Leap143_7,1491,634936.6975895541,809608.874920635,8.62578197893069,0.0023482655919249383
Leap143_8,589,1055454.8810048094,1070235.9157557983,12.237150808813626,0.0005580532248230857
Leap143_9,909,574645.1822285237,666519.828171828,10.514558563115294,0.0015818456816688508
Leap144_1,2218,864870.1790960009,1017506.4559670781,9.222655762475263,0.002564546741938019
Leap144_10,3188,560265.7549401957,810242.0777777779,8.229120140242701,0.005690156808424416
Leap144_2,1741,857770.918582584,944491.2514862736,9.966117457996779,0.0020296794427082
Leap144_3,2954,914801.5001422834,993378.2472848792,9.970915788981515,0.003229115824078284
Leap144_4,2423,855507.5211380727,1075763.4510869565,10.31675115102014,0.002832236935540565
Leap144_5,2384,1026555.3906616257,1075670.75,9.659862323960972,0.0023223296294450193
Leap144_6,2954,694907.9596388338,822756.2785714286,9.394747932614091,0.004250922671162508
Leap144_7,1815,834412.4633663862,1020769.2748717949,9.776031907636145,0.0021751832333346184
Leap144_8,3847,931469.2082789883,1075331.027117647,9.089115403177665,0.004130034536630404
Leap144_9,3973,931341.7846176532,1019202.9585730725,8.932168019881946,0.004265888276054368
Leap145_11,1130,828664.9749011699,1073400.5763412153,10.120347630925123,0.0013636391475756154
Leap145_12,1797,929662.8947663435,1055088.2732142857,9.963820875275822,0.0019329587209691189
Leap145_13,1229,464829.4041602836,485868.23401360546,9.267486187180271,0.002643980757241883
Leap145_14,1499,903962.9622625401,997575.4294468083,10.614301496873972,0.0016582537809382524
Leap145_15,2548,620549.4068075923,659956.9195101558,8.767065389979843,0.0041060388939990295
Leap145_16,3626,951323.5629344867,1001525.8475005195,9.500460332436349,0.003811531787160943
Leap145_17,1791,643182.3111471083,791192.0092592592,9.679152117864342,0.002784591505331936
Leap145_18,1952,845191.9518511309,1008693.9269381036,9.479363657366001,0.002309534533220234
Leap145_19,2185,992445.6863460683,1067104.453678161,9.853832092661676,0.0022016318172983474
Leap145_20,4010,1062333.2517636765,1075786.3095238095,9.564102192807137,0.0037747100482288702
Leap145_21,2699,1025059.853267017,1073792.0494606004,10.101903219375476,0.0026330169808113043
Leap145_22,4588,996936.1275155678,1073284.8391093477,9.507331462796012,0.004602100248321431
Leap146_23,4436,877747.9895581453,1012086.2632363548,8.297570408711874,0.005053842393000597
Leap146_24,2834,1036587.6253034916,1077238.1367481204,9.149423964029815,0.002733970511340286
Leap146_25,2000,1029920.8831259537,1075809.1097380128,10.246057591193253,0.0019418967347566744
Leap146_26,1586,920952.0493197303,1038635.9569531251,9.80234216284196,0.0017221309200316276
Leap146_27,1799,1017762.9661836914,1073066.884076151,9.850183579476006,0.001767602142909282
Leap146_28,4778,1058693.540469033,1072916.1180248829,8.508627530747182,0.004513109617995027
Leap146_29,1218,401477.0699870088,495804.88946262706,9.036019021049778,0.003033797173122272
Leap147_1,1148,941743.6476315741,1036885.8076923077,9.098946537637268,0.001219015390108707
Leap147_10,2873,512665.8595633156,672703.2339743589,8.74487963163802,0.0056040400319365856
Leap147_11,4407,813333.3697911369,837483.9276755854,9.137029066382512,0.005418442380068228
Leap147_12,5179,1007264.0826555812,1075113.3556755136,8.904758106893928,0.005141650624874789
Leap147_13,4948,885658.9384244293,909366.8968660969,9.014196261396417,0.0055868007257990305
Leap147_14,2814,886452.5767849039,1069660.9125,9.489148250036386,0.003174450696737962
Leap147_15,2690,407411.48415007687,524057.1671122994,8.830427690284603,0.006602661202866567
Leap147_2,1448,764062.1984853665,991614.202173913,8.469752811742069,0.0018951336721937466
Leap147_3,955,934691.6029183223,1073279.1078629033,9.740795329386499,0.001021727377263549
Leap147_4,1043,715912.2980854141,805689.0016806722,9.677202105163055,0.0014568823622520893
Leap147_5,3232,1004398.7866556067,1075461.7636946386,9.192102093766062,0.0032178453846621424
Leap147_6,6148,1038518.6942100008,1077713.6911764706,8.545569700070244,0.005919970467817888
Leap147_7,5593,1049347.0934890322,1074880.5661729577,8.921928242532879,0.005329980932623089
Leap147_8,2268,924625.0032499436,991653.1753360381,10.2962628987604,0.0024528862966372938
Leap147_9,2125,687927.9718088271,723877.5625,9.624019807477815,0.0030889861832664807
Leap148_16,1859,935246.0259502992,1065633.0840545315,9.09186534926411,0.0019877122686632947
Leap148_17,1612,719043.4432891285,1056537.5495939974,9.107273632804636,0.0022418673239355475
Leap148_18,3249,923430.1296713918,1001773.4927455357,9.451530076008607,0.0035184037163225076
Leap148_19,1739,901035.0626256153,1071108.2686403508,8.827435137745903,0.0019300025849521946
Leap148_20,4500,1002055.1453543288,1076145.34375,9.177964861981426,0.004490770813225843
Leap148_21,4347,1027824.8793968842,1059159.9380293621,9.311704753962506,0.004229319689703142
Leap148_22,2300,751924.9029866104,1060554.9172644669,9.18392865342171,0.0030588161010022515
Leap148_23,1448,700623.5975265212,814632.1144455543,9.344257520026325,0.002066730274446955
Leap148_24,740,812238.2778561002,1019477.7776223777,10.413198978169916,0.0009110627018874647
Leap148_25,687,900173.1640635966,1023985.8972982646,11.898808720827585,0.0007631864928062485
Leap148_26,842,593570.9430641752,974593.8451072737,10.28784578695046,0.0014185330495683737
