cell_som_cluster,CD3,CD4,CD8,CD14,CD20,CD31,CD45,CD68,CD163_nuc_exclude,CK17,Collagen1,Fibronectin,ECAD_smoothed,HLADR,SMA,Vim,cell_meta_cluster,cell_meta_cluster_rename
1,0.4020995556556336,0.4735574151306924,0.0522878830761231,0.0712884026056192,0.0901066987822682,0.0251937257890877,0.4514109115461108,0.053694602290464,0.041408577410246,0.0367641098852823,0.0627889678718732,0.0474175308087408,0.0634428601995226,0.084070242909329,0.0239820623595653,0.0999024206557804,21,CD4T
2,0.3699984257788555,0.436205405470764,0.0617934405856329,0.081689706953848,0.0844360142677115,0.0261746732785994,0.4201995470243047,0.0587195413175384,0.0547869691438471,0.0362974243867202,0.0776403382932091,0.0565448997465154,0.0684321292668051,0.0921674183211804,0.0257342183032173,0.1023024187731181,21,CD4T
3,0.3494330839832875,0.406953948745334,0.0845115912378221,0.0743908019554329,0.0809511819040885,0.0259544046457045,0.4034100533371823,0.057696721581805,0.047107217891915,0.0343631374962699,0.0690729686617505,0.0525451386842246,0.0673117000427924,0.1737257871984647,0.0249054026099401,0.1033242784204979,21,CD4T
4,0.3662585189265366,0.3537630323852971,0.1937797620318805,0.0733479853277584,0.0947489521831194,0.023890386809141,0.4184035898022513,0.0533330198355498,0.0457307220670532,0.0364481762932302,0.0719559102980062,0.0545420249893498,0.0611143292055279,0.0926413066322235,0.0249734906923519,0.0997723295805886,21,CD4T
5,0.3571089408921292,0.2799011178115512,0.3023088551697256,0.0729511224213333,0.099766271843599,0.0234403942333078,0.4088906114315969,0.050597129147588,0.0461338755268574,0.0364281072561454,0.0748498826577627,0.0571679183268993,0.0593107648481954,0.0838591581925101,0.0238979094446406,0.097256740957253,2,CD8T
6,0.3378466955015333,0.2171473154656367,0.4287139430283895,0.0717978841366971,0.0835081203518711,0.019342464899668,0.4018436203604351,0.0468245802012509,0.0459269371121971,0.033714229793392,0.0820376008507081,0.0617766867327187,0.0542553420521673,0.0773751868649991,0.0246046078059209,0.0927646132377404,2,CD8T
7,0.3259030423909966,0.1455489359410847,0.5556921025914872,0.0693320509245947,0.0692916050020401,0.0183726208585574,0.3882975391507703,0.04442908270115,0.0445719044262585,0.0309175461538412,0.089575475114645,0.0676855285814065,0.0523187446035316,0.0699873529918468,0.0251686597241407,0.0918022064418843,2,CD8T
8,0.241161990767492,0.1372004706912803,0.3684408293998606,0.0858455844205657,0.055387055873919,0.0160277688427191,0.291944931374564,0.0512563182106403,0.0623703083465367,0.0291089430869917,0.1954795036134382,0.1257216776564999,0.0745936684374304,0.0657678454890638,0.0291248429159076,0.0884616074088114,2,CD8T
9,0.1409294113384868,0.1482639235840578,0.0554297237420225,0.0853594254775615,0.0422550928782404,0.0174195192082512,0.1589222614896902,0.051752192819901,0.0594366361784905,0.0357552710721945,0.3409394800009721,0.2081216141242583,0.1172607736447747,0.0652227882387614,0.0429109863004839,0.0912330140740704,29,stroma
10,0.0643969486460028,0.076433197431094,0.0338608192437354,0.0605238967498678,0.0228303708068009,0.0151320780531342,0.0819849742186125,0.0340586334706973,0.0410893430206329,0.0256609653337295,0.5034428819832909,0.3027674940460311,0.1068138427645089,0.0390418912314197,0.0570986225246157,0.0956721968008414,29,stroma
11,0.3807760620734118,0.4417407185224097,0.0525196321424904,0.0716926057358689,0.1257039263889286,0.0251554481949028,0.4521388054913312,0.0548903234064093,0.0427659121470573,0.0372159087890532,0.0608692593550123,0.0457649402294936,0.062201432493324,0.092431380750336,0.0235930217328016,0.0995801428420291,21,CD4T
12,0.4219644451391088,0.433128803061401,0.0589236744776853,0.0756417868026296,0.0938516831823268,0.0268315774588418,0.4216324127024831,0.0565967626441461,0.0439290206443613,0.0403404485740108,0.0655378204892395,0.0507678893758725,0.0665690506095789,0.0844618176647895,0.0251793172831569,0.1014710218312689,21,CD4T
13,0.3103422785665874,0.3836472107859849,0.0495687443294444,0.1158120667909879,0.0803206866516319,0.0255520637215393,0.3649315754719052,0.0715009417061579,0.1090846068213128,0.0329803172121671,0.0943221684941534,0.0661738699836561,0.0782895724515552,0.0944070910536168,0.0293043963198752,0.1034426846318543,21,CD4T
14,0.3463398146247542,0.3434123231974071,0.1221493007514373,0.0802452733398068,0.0901655272993183,0.0332802741403247,0.3734449551645102,0.063029185375438,0.0557987395178237,0.0370176153236097,0.0800667718098682,0.0617291907982655,0.0688021142980615,0.0952730066183151,0.0301341846680091,0.1131363566161004,21,CD4T
15,0.3179345582938717,0.2633629639452309,0.2107355108980907,0.0853677767686619,0.1165880216861956,0.0265574927095785,0.3674625104543638,0.0586346216779105,0.0580963924114949,0.0389290289936938,0.0864625927636241,0.0645820615914691,0.0690587554549425,0.0979977663287555,0.0301482382900565,0.1051452269456488,2,CD8T
16,0.3627696033813944,0.2040617397983759,0.3440417180158486,0.0755359565819459,0.1100894056990234,0.0233183320824732,0.3700552897118604,0.0537033172651824,0.0519465084317004,0.0375768390705009,0.0800038688949148,0.0621690994788395,0.0578823206061101,0.0909737391150447,0.0255258029781922,0.0981473501428207,2,CD8T
17,0.2711195205746998,0.1656780334333496,0.4124406480994038,0.079334861293,0.113636300123349,0.0222460158306898,0.3732574311269451,0.055847390670909,0.0660617265602934,0.0311963893586069,0.0818141001515608,0.0622730496441739,0.0600964273433098,0.1367453369230824,0.0261533463929593,0.1001640095616708,2,CD8T
18,0.2127124847799194,0.154963482782009,0.2700816555645514,0.1188779944855009,0.062911644700986,0.0260797251216904,0.2665844687510147,0.0793066729626216,0.0800712931988785,0.0365913104518553,0.1255495738660917,0.0916927196229759,0.0958731078818298,0.0937891200045076,0.0475573506146138,0.1275023652201635,2,CD8T
19,0.0954928656560619,0.1116553670398868,0.0431312305172257,0.0939354740248001,0.0370536544980874,0.0288499193608021,0.1205445358587391,0.0534941830215311,0.0546859134935232,0.0359156630595103,0.2851399381729635,0.1867845876816699,0.1324533050118972,0.0679567487483572,0.0597960966062248,0.16194302403713,29,stroma
20,0.0571296560927807,0.0658541064789796,0.0354682121491425,0.0596832190930926,0.0240863575142974,0.0247298040795539,0.0716914533817965,0.0318930590656019,0.0381389890167236,0.0321901410635242,0.3876594486739504,0.2584415584604936,0.1223337319380784,0.0343305811995004,0.1213668686218769,0.2060376635050944,29,stroma
21,0.3445691019965201,0.4009259878404618,0.0531735156657366,0.0746613857843549,0.1661504434988122,0.0256215760125941,0.4496296734891105,0.0565442509608994,0.0466060986312379,0.0367895350723587,0.0628034429941408,0.0463453332307646,0.0615335142917313,0.1074096997964405,0.0241204697996548,0.1009331132845477,21,CD4T
22,0.372133902128307,0.3859353150145497,0.0549155289395079,0.0743678140682758,0.1419246182275964,0.0253691313172689,0.4185160666386692,0.0551211958541205,0.0449166849015072,0.0395937211381812,0.0654952805857805,0.0504056168343532,0.0668865609663789,0.0975892854607389,0.0284858281808051,0.1050699167649507,21,CD4T
23,0.4400445040354361,0.3876068514562718,0.0672497737947616,0.0763697559297769,0.097052715913801,0.029357493791075,0.3882788523123064,0.0591986907695078,0.0423561974853592,0.0423412219361862,0.0718310736542986,0.0565999930373437,0.0697663269930818,0.08584989235125,0.0281106788706522,0.1035939883244203,30,immune_other
24,0.2637603431684529,0.309236750904998,0.0486637187870773,0.0938977695604405,0.0687622567746605,0.0281811895749358,0.3024442499212194,0.0563227653538726,0.0621285739990069,0.0346918173738867,0.1763536451748674,0.1169937719151988,0.0864680841560251,0.0794492036542981,0.045076619834287,0.118078174677068,31,other
25,0.2643557216100808,0.2775254075874868,0.1285412157535243,0.1086481209330235,0.0813295659249178,0.0281977534030862,0.3191232470190985,0.0604799795427846,0.073715753471303,0.0345038029974476,0.1112951339061228,0.0779396627504619,0.0773971103426275,0.137582017205793,0.0338754759283387,0.1079709298288355,31,other
26,0.2618541740698837,0.2897377630336636,0.1659660347959532,0.0987436561902696,0.0884987003670562,0.0245158998235706,0.350172773570521,0.0549126804952522,0.0610627555003005,0.0297565863919589,0.0741007596897772,0.0545690264306836,0.0665783521189819,0.3056246779911687,0.020801223939377,0.0982507786412017,7,APC
27,0.2245895623242536,0.2352754679278059,0.2340195601493659,0.0984233653897551,0.0650070115303,0.0178905055940278,0.3172084900187545,0.0530707798552426,0.0702852431915135,0.0268117673616164,0.0831007268932892,0.060161484462115,0.0670800119592896,0.3697280429468323,0.0198716140829259,0.0953703457646988,7,APC
28,0.1402675807981708,0.1820376515215638,0.0967941619557157,0.0760658938381916,0.0501933970831392,0.0182849976508226,0.2063499514190349,0.0485974758883015,0.0576435726445081,0.0277839847437345,0.1950214509551632,0.1307267436841942,0.1057810731037583,0.2792409771753681,0.0312984775342543,0.1514243442080509,7,APC
29,0.0962316259591264,0.111239057891355,0.0516016189481183,0.0908929675989566,0.0445546172646207,0.0479557688985061,0.1245824007306842,0.0505426439711263,0.056093188391246,0.0370943088686701,0.1837210915085955,0.1490965782239897,0.1488122646447742,0.0654654046705631,0.1020992519632016,0.2761427274812961,29,stroma
30,0.061165612198218,0.0681413774390789,0.0380123232267175,0.057840717640306,0.0270393251330062,0.0306688071873762,0.0714404576972772,0.034713281927763,0.0390301135282081,0.0390630374625673,0.2868443614626959,0.2113613819499737,0.1640805524171187,0.0381880970337122,0.0785323725493668,0.3214739342268993,29,stroma
31,0.3089864134270093,0.3540661126113865,0.0546510922167317,0.0735549973109916,0.2222083744083194,0.0267169927854577,0.4550530568376958,0.0549957086912469,0.0425550138473159,0.0375836120448332,0.059575454020763,0.0436428639417662,0.0599514477122273,0.1218438424891176,0.0239992182683697,0.1011441151208054,21,CD4T
32,0.3162092098667905,0.3359325867082619,0.0559656382978507,0.0768868388026018,0.1800178104375878,0.0298222878023556,0.4071841295373009,0.0599207136871319,0.0477654850623322,0.0392625207971941,0.0681066553683721,0.0518896961442554,0.0718253082332376,0.1193180237689113,0.0269274056491581,0.1112493461110507,21,CD4T
33,0.3658923195699441,0.3312229679269109,0.0577309912313134,0.077136052193604,0.1477086508073957,0.0288341317706781,0.3782442654717264,0.0569854051500622,0.0422858396587969,0.0451223114618331,0.0717044900330362,0.0565406945556961,0.0763044563345939,0.1052195090052363,0.0295841714709559,0.114635076016576,30,immune_other
34,0.4680325466349972,0.3129657067585581,0.0845814681203881,0.0803506000671071,0.101647281034917,0.0267028936532344,0.3347602936496972,0.058877098520321,0.0443574801279262,0.0477649494143431,0.0806003685020212,0.0645420435082821,0.0812198493137751,0.0917494891905535,0.0303504022728072,0.1062672047921097,30,immune_other
35,0.2286777190898166,0.2962424799467233,0.0464284405849495,0.1451235638869274,0.0704378446118739,0.026277174029483,0.2914372934931865,0.0646770246174186,0.0965480122822606,0.0317270832769237,0.1128189122928075,0.077932375644193,0.1060699289514026,0.1560489401126067,0.036358433316846,0.1163474630241823,31,other
36,0.2330518065776503,0.3287145692280704,0.0540221384894286,0.089152415783261,0.0741263301838016,0.0219730043536356,0.3212174941898477,0.0574217772388166,0.0641767651537994,0.0288344682113406,0.0775805583132322,0.0564714285083811,0.0777709547340479,0.3958799190537513,0.0207180750148287,0.1028895862559883,7,APC
37,0.1483608013042164,0.2789663699336364,0.05885818258952,0.0861089316442581,0.052297908846149,0.0179196830900502,0.265623115464896,0.058552425387029,0.067529730100846,0.0236066559034056,0.0750648390081969,0.0552561630212248,0.0795577728360418,0.6207494769532222,0.0163091599930466,0.1022479887288782,7,APC
38,0.1254919671413797,0.1989207699456796,0.045915170180665,0.0827180640402668,0.0429826541746798,0.0238449877716847,0.1903071289371553,0.0517012060691116,0.0544601895861487,0.031995822821307,0.1264546118111632,0.1018124680096793,0.1352612224106307,0.3378748215052538,0.0377198588651727,0.228175568099624,7,APC
39,0.0871305540872274,0.1053816199609079,0.0417383337266288,0.0724024030262891,0.0462228321655197,0.0678950673264196,0.1128876268265541,0.0475018193289235,0.0477536706161035,0.0393595500003995,0.1449449704665338,0.1372163510191073,0.1760721145317579,0.0709451117726733,0.0829230203961495,0.3639690594107027,29,stroma
40,0.0554616776272793,0.0634169542935953,0.0348477158537557,0.0480454392743866,0.0313885841936091,0.0378101309543144,0.0633413798409779,0.0328687264098437,0.0361628824801515,0.0486481552978322,0.1621459031231135,0.1588288464713593,0.2117921608018916,0.0360417648198833,0.0741513819430236,0.4629952974261047,29,stroma
41,0.2808659041249463,0.3166718158614383,0.0493142292937938,0.0715215366054138,0.2773084404415057,0.0263288918618405,0.4635956692521117,0.0548243075344241,0.0425656928706552,0.0380313154935844,0.0580691279235643,0.0418146303408011,0.0580901901397662,0.1315178881226471,0.0237023160103421,0.1007577217351267,21,CD4T
42,0.2680816502818204,0.2927000882566333,0.0659656682303635,0.0860627327711895,0.2260233674175842,0.0285649201250256,0.4119720279722064,0.0609469937763782,0.0548525469805722,0.0381561810295291,0.0677753869003259,0.0498797674144456,0.0652291006599916,0.1437600128240011,0.0272932476253857,0.1079616174238937,21,CD4T
43,0.3350282300969546,0.2808496737738905,0.0607501493368975,0.0766341686843412,0.2035340479760968,0.0249654861089492,0.3798604108689642,0.0589625732002711,0.0459040290839089,0.0445008864839324,0.0711322310348032,0.0555696257809179,0.0706607497473936,0.1233663082840354,0.0328288267148066,0.1134509948624539,30,immune_other
44,0.3953539373240547,0.2324128495357726,0.0885364929492217,0.0870528606069044,0.1070863331446876,0.0423463617544251,0.2749207267530102,0.0676573464271151,0.0525095015321277,0.0469171547866495,0.0951025137919615,0.0767693678210642,0.0826156047593352,0.0965554830156601,0.0396069943580345,0.1242443917621613,30,immune_other
45,0.209333116809922,0.2535147334705241,0.0538112172145396,0.135353946973218,0.0795965169166471,0.0217351317866057,0.2568187774926582,0.1841917071235088,0.1082304792533926,0.0345115898409687,0.087459253141699,0.0633414397294197,0.0853658422551832,0.1163698835785554,0.0292063171071584,0.1103991107392432,23,M1_macrophage
46,0.1892758757283118,0.266914724517942,0.0473880792198524,0.1256159630044238,0.0633119325932068,0.0264431286993611,0.2553259407919547,0.0821559638779459,0.1247350980119089,0.0277936677600613,0.0966623882708656,0.0673768166616441,0.0888324685449676,0.287078048088098,0.0229339682257177,0.1035580651283663,7,APC
47,0.1132594594004198,0.2127455476012147,0.0455775955608078,0.1470678317146567,0.0553563009793298,0.01941752324464,0.2094867799986834,0.0922309642461412,0.1151367833223361,0.025482779240158,0.1137300351969579,0.0747273639829656,0.1049636415850904,0.3869011142215969,0.025027361278295,0.0976580646853735,7,APC
49,0.0557551873510405,0.0614320599808092,0.0348524047800345,0.0575593395687493,0.0300973935478548,0.0272575851512397,0.0609914057411301,0.0308478740021104,0.0375218429257544,0.1423622811563069,0.1444953509063494,0.1302493039677169,0.3343085238427389,0.0382464799365074,0.0549496457082793,0.3041310041921464,29,stroma
50,0.0520473183796585,0.05992938095285,0.0332833321235059,0.0549619194696903,0.0272871904436624,0.0306752696235996,0.0547747381892362,0.0307075694128646,0.0376126693627194,0.0516188354566121,0.1340061584655673,0.131287771742318,0.380907822556481,0.034797975229011,0.0535557277490884,0.3623550840851935,29,stroma
51,0.2457010760412362,0.2752431745211884,0.0476380366397883,0.0715898172047134,0.3262884365276598,0.0267204061839479,0.4664636858671967,0.0546296420358671,0.0412959857563079,0.037854308512588,0.0552964755520412,0.0394081636864383,0.0563742093204212,0.1479535153232301,0.02310281667288,0.1014511847648042,22,Bcell
52,0.245428141537435,0.2550700989994363,0.0579600478186106,0.0779471479362654,0.2905057267958871,0.0264817959823479,0.4259092891290897,0.0642255306595854,0.0504193092841971,0.0390842752616137,0.0608843373816884,0.0442643465924649,0.0615050014224657,0.1511010597783924,0.0253770597935785,0.1029111767699702,22,Bcell
53,0.2674538175364773,0.242178599214884,0.0854315046883129,0.0814376897122357,0.2453832063632908,0.0258994308008335,0.3911541095044532,0.064425017366615,0.0577550685357331,0.0415714580122769,0.0653542306581444,0.0502059696213094,0.0700539072163835,0.1487382867011746,0.0276884523739719,0.1133210557991136,31,other
54,0.1978063086133048,0.2030112190808503,0.0651663942943678,0.0789555810580787,0.1426067683112967,0.1030897084074107,0.2723043106323976,0.0651860528899215,0.0597224173362729,0.034331697822502,0.084764798266819,0.0774816870933141,0.0846696299578693,0.0926832933783106,0.0531607666014861,0.1743589839211357,25,endothelium
55,0.1058288047047081,0.1640747685845738,0.0543395339059437,0.1818036750867069,0.0659475290874107,0.024788943424014,0.157921616012148,0.4230629892491152,0.1548858572849646,0.0253755484529072,0.0908921701620548,0.0673321273683357,0.0842109353002494,0.1246371940439046,0.0325476033986464,0.1242658717389336,23,M1_macrophage
56,0.1393198142910249,0.2544760889393448,0.0499152595395478,0.2279131969277029,0.0709207851374127,0.0214961402640419,0.2210669630140785,0.1516818757607651,0.39293941996539,0.0225524632068023,0.0929168241317311,0.063872722772222,0.0659684425555133,0.127310268708296,0.0240948375384166,0.0974980667232493,14,M2_macrophage
57,0.0398530061975446,0.0382457699526903,0.0212729119230017,0.0356349352975148,0.0135009995262129,0.005124589181228,0.04486615637249,0.0197304405627495,0.0180101707310103,0.0204463478681696,0.0498085960152611,0.0343176791433275,0.0559053095305218,0.0224555038208183,0.0171968634877741,0.035834969987788,31,other
58,0.0530434751300937,0.0527028236691486,0.0334761571803937,0.0521987396766382,0.025231318007075,0.0178081729417626,0.0479268764142748,0.0301096927373868,0.0324696591492605,0.3910285699350291,0.1042951779634711,0.0916679166387253,0.4392780890593598,0.0377566907137328,0.0385650601700261,0.1476513613342923,24,tumor_ck17
59,0.0534542839889477,0.0580660607745334,0.0346147800856435,0.0613522971534243,0.0259954108275167,0.0223432439235748,0.0536875156828339,0.0306830029516568,0.0387893109541483,0.1418556284250361,0.1310446540856159,0.1119068238169967,0.4650527341254582,0.035900060870765,0.0401157179408992,0.2090312171007728,24,tumor_ck17
60,0.0493528631636109,0.0574690646502369,0.0322933216456016,0.0595818008087621,0.0265124280781164,0.0263473050812703,0.0505391859366727,0.0298372712720555,0.0402774254509684,0.0533666734569256,0.1197273024274626,0.1116734514551824,0.5133822009689115,0.0359997447073575,0.0455785964942193,0.2552195933748132,29,stroma
61,0.2151053764228324,0.2384780216778541,0.0449260970683474,0.0701274449923045,0.3822361432231874,0.0264058346471844,0.477824743218154,0.0538439324101829,0.0399398171778973,0.038379743884927,0.0529804631985056,0.0369564921217936,0.0544926671185929,0.1560179994795273,0.0232780524249672,0.1006151186150547,22,Bcell
62,0.2105640884198223,0.2212027950946677,0.0505558122499443,0.0730136461672174,0.3414361812714722,0.0295439182206582,0.434491883958996,0.0578102822950377,0.0448867898547522,0.0411029641817861,0.0589417537531011,0.0432848212983714,0.0598181496279231,0.16101391668508,0.0291987426461515,0.1070446000304936,22,Bcell
63,0.2354419532011832,0.2040476773976954,0.1089800731782471,0.0734551645913004,0.3073315178648101,0.0257700395190737,0.4192725998100333,0.0558050345669353,0.0459652002593847,0.0389629901314387,0.0630583823917494,0.0464955973901204,0.0595336318721322,0.1655812229492601,0.0253407315661194,0.105334417553563,22,Bcell
64,0.1698266402764753,0.1685229259119891,0.0805347905661854,0.0747628804896849,0.222415434359069,0.1444891371132247,0.3120581932096742,0.0509883954889997,0.0451088790912889,0.0328529204799719,0.0742950090057131,0.0700738659971037,0.0703208672601054,0.124533870263163,0.0405773165082633,0.1687255608478674,25,endothelium
65,0.0871623806483008,0.0910607083082783,0.0361350572374552,0.0697838928950891,0.0701641901171703,0.4059368525716345,0.1067433311129593,0.0328358308741182,0.0392972539872102,0.0284362662031288,0.0978375483486154,0.1210291526476483,0.0898642502528451,0.050663531008806,0.0744872260298568,0.2913964733245103,25,endothelium
66,0.0971172739370627,0.1108399845652175,0.0585642303823003,0.1061751161870902,0.0363977340792395,0.0317554827883396,0.119969350680026,0.1402546559777655,0.0691413550437955,0.0258941295369997,0.1029303613925756,0.0766280605958378,0.1276522879217982,0.0895014960973956,0.0361568767176274,0.1282306397614155,23,M1_macrophage
67,0.0766320821108507,0.098736985317803,0.0387434653264213,0.0856945018553355,0.02838506129324,0.012448072096394,0.0956121135134068,0.0896106945386926,0.0597173998706923,0.0538130999663214,0.0890171632744171,0.0654151383614877,0.285699632054711,0.0702232598560282,0.0216076084860109,0.0879618616725657,31,other
68,0.0623852060301934,0.072414445675658,0.0322199735464877,0.0788909068029134,0.0265383264878804,0.0159745435714661,0.0688096951503077,0.038556199569901,0.0461631731472176,0.1162487475159887,0.1357942168607252,0.0978961964709129,0.4490435222076414,0.0467314128340476,0.0313603620580699,0.0921138863050904,24,tumor_ck17
69,0.047836340574436,0.0513937536974759,0.031655352573054,0.0569349495513383,0.0240000504993742,0.014694687656399,0.0423975034846378,0.0263826597884576,0.0381163394987787,0.187645258552459,0.1033392855785342,0.0871651782927091,0.626103114151702,0.0348331661329834,0.0248175892628779,0.1195154928339371,24,tumor_ck17
70,0.0469017861030949,0.0538580949303941,0.0309521662736613,0.0611055224372149,0.0255204126354932,0.0194575334964314,0.0444501156937345,0.028893060429033,0.0411674815587991,0.0566316340263667,0.0996851864236136,0.0914620469480269,0.640460636338762,0.0351816988401225,0.0303653693131089,0.1774824636745545,29,stroma
71,0.1820769789826399,0.200080161198096,0.0429187876633208,0.0688213905460552,0.4347245854002169,0.026895299118038,0.4854506188725008,0.053339102732898,0.0393375038420239,0.0385677329310037,0.050413931475388,0.034480901942829,0.0522056901041404,0.1691896545607039,0.0228014877057466,0.1001583863122594,22,Bcell
72,0.2004831258377551,0.1921997063983062,0.0481305736860917,0.0706471632226881,0.401774504384719,0.0261061667970187,0.4555453671555987,0.0534735340444946,0.0401026107698893,0.0401045755223266,0.0534228727720218,0.0377904892377896,0.0558073094227886,0.1702791483716981,0.0232863221019544,0.1021252461133016,22,Bcell
73,0.1779053329069183,0.1840707058297179,0.0597764039152878,0.0754267729462692,0.3596143697413056,0.02964399116539,0.4209336778889133,0.068213753137708,0.0494986584497236,0.0408001687750331,0.0603614360393051,0.0438492075380749,0.0622024267911205,0.1930634388756831,0.0252866914158542,0.1095226928553924,22,Bcell
74,0.1368733745534315,0.1593941697887715,0.0593249746886378,0.0905513822726942,0.2359831327023075,0.0580045269832082,0.3044867302953306,0.10278013549721,0.0720889844575894,0.0360561658348945,0.0822931817175283,0.0658249102131545,0.0837478214965055,0.1548428029065692,0.0387248070232638,0.146129067475624,23,M1_macrophage
75,0.0834154988439313,0.1173398785337538,0.0446769490598779,0.1759519743464445,0.075013879562567,0.1113520399101132,0.1530932370987424,0.0674995294735638,0.0821449323955825,0.0314206633460104,0.1409294341610463,0.11313380545712,0.1150874062582928,0.0817538144126358,0.0840094908321858,0.2019857525006456,25,endothelium
76,0.0949575365769039,0.1534486089411271,0.0435087167566949,0.1752271331127566,0.0456449527242594,0.0292080009530217,0.159745808522369,0.0975009972925798,0.1013101134405528,0.0329400718711182,0.161713689242944,0.1092663730934193,0.18145604015435,0.1693996892632205,0.0449640249863676,0.1697899356941083,31,other
77,0.0714963637218967,0.1110897728226341,0.0397270415299498,0.1157979396686339,0.0330674941815311,0.0160516088948047,0.1104434522699969,0.0528641927629618,0.0715455017852212,0.0391596674843086,0.1014560210356441,0.071196519116707,0.4485830013169068,0.1632065986006091,0.022517700242637,0.1055249199368041,31,other
78,0.074841558144477,0.0836894465472445,0.0422303579824006,0.0900316105829723,0.0290271714675076,0.0149600740495692,0.0812764684601843,0.0358573440650918,0.0547556723734244,0.0461119484802952,0.1281790871422285,0.0933675781041713,0.5587389468965563,0.050208021537059,0.036474327212427,0.0790752255911896,31,other
79,0.0468624577773833,0.0518124657215584,0.0305876242520057,0.0615821432697484,0.0251374878328505,0.0156336377968777,0.0415876041549993,0.0265229223358072,0.041635907733329,0.1207753008525378,0.0861786369637981,0.0744315963918597,0.7162715926067512,0.035693357153353,0.0216256612310303,0.0903162538025305,27,tumor_ecad
80,0.0433988801308218,0.0477406075564187,0.0299802078684094,0.0569285751043125,0.0232520007041385,0.0146715397403321,0.0351896714137774,0.0254242503139156,0.039391394937282,0.0624325445469967,0.0782686479852902,0.0731246782877159,0.7635513145401356,0.0336037105244856,0.018425829097639,0.116937103832743,27,tumor_ecad
81,0.1563709385751797,0.1675507903284579,0.0420007776884658,0.067528231081292,0.48561457763479,0.0270288274139735,0.4971417368054525,0.0528327235107837,0.037730693731594,0.0383614585913018,0.0475840241006301,0.0317864968896871,0.0495379120898294,0.1772895732007252,0.0222313804833309,0.0991604016023687,22,Bcell
82,0.1584096258912204,0.1638410605962894,0.04316517015075,0.0697461601933205,0.4572396968121323,0.026471238825308,0.4729744724549481,0.0537115404962074,0.0406348708415632,0.0391972596956017,0.0505676092153084,0.0344571614335363,0.0519384843063153,0.1810464833393913,0.0237393129484818,0.0996914699353931,22,Bcell
83,0.1559242257170514,0.1592043338419405,0.0787758094578626,0.0755325746580086,0.3976449584380091,0.0286335602973488,0.4389755655627744,0.0546786367339649,0.0518926285762584,0.0368721904497832,0.0618820686016284,0.0431714240660952,0.0562512094929473,0.1889548793150125,0.0239068481674887,0.1062406497847255,22,Bcell
84,0.1274737305920218,0.151766818159592,0.0549397133652413,0.0980987975390008,0.302664901196042,0.0294057991345258,0.3473862275494204,0.0920881938579671,0.0850626276908629,0.0356363701282118,0.0830377969667512,0.060999918131998,0.0737601043921353,0.1627192364929358,0.0373940022274302,0.1316113872906913,22,Bcell
85,0.0926379096954578,0.1290957735073014,0.0507375714187838,0.1871357820369513,0.0631501257201137,0.0182505743197288,0.1621581415710364,0.0809146084245682,0.0910815593803097,0.0249100375417119,0.1679711357718911,0.1167047585055972,0.0888709073652363,0.0840705338671482,0.1245163576283831,0.1134774808920792,26,CD14_monocyte
86,0.0784173171051448,0.1329543923142958,0.043196961682763,0.2225763921447368,0.0368466982038112,0.0224512898455222,0.1452957929540106,0.0789097890110803,0.0878007017192994,0.0310993236817668,0.1762008031263665,0.1232002480838082,0.1475713465194931,0.1281994026339446,0.1217050817014855,0.1470789268536152,26,CD14_monocyte
87,0.0953122719592723,0.1306215892708386,0.0425749029587252,0.1729269264212443,0.0393563397560851,0.0193928859924066,0.1370705500292158,0.0559275189256775,0.0705608601997843,0.0396997290803673,0.1284200744146587,0.090508163977999,0.3710705309175244,0.0729737494588059,0.0597721500261263,0.0951349273650684,31,other
88,0.0492100970141751,0.0664259270324416,0.0319180844479872,0.0845861058174354,0.0254924136396307,0.0138615327634419,0.0572693573531806,0.0353133726684962,0.0527370577314131,0.0455502454810995,0.0777921314235667,0.0632391617681515,0.7127595050346713,0.0754302308478048,0.0154704858427437,0.0799745528486508,27,tumor_ecad
89,0.0440042144562323,0.0506181231071433,0.0298363251406386,0.0641809355452086,0.0231333652464106,0.0126464615300049,0.0378049751007104,0.0266076003904764,0.0421230128737797,0.0588777312265876,0.0735545201374347,0.0645090586236195,0.8015394204255185,0.0385400899020591,0.013401237142107,0.071404555455182,27,tumor_ecad
90,0.0413935308678561,0.0458387567856228,0.0288483397954767,0.0576298532913278,0.0225221887922871,0.0125091856164882,0.0314920646851031,0.0243545391300974,0.0400160528328609,0.0523153658249214,0.0662550164584373,0.0615063910280853,0.8420937880922403,0.0328982094540903,0.0123013860312646,0.0715071106673735,27,tumor_ecad
91,0.1270321380705781,0.1320667116011802,0.0406593801112156,0.067415502757636,0.5344445661771203,0.0274321853980552,0.5046046175959322,0.0528122362662217,0.0375514732843391,0.0385348888889379,0.0456552039946292,0.0298208738843365,0.0478991703085468,0.187940586039758,0.0220693773140285,0.099236551415439,22,Bcell
92,0.1320120233466175,0.1401129786939087,0.0458652808356023,0.0714318434412472,0.4891070677990579,0.0283682860444079,0.4792235807655098,0.0548783738632828,0.0413174231409224,0.0377676307634525,0.0499409860790331,0.0335571599668955,0.0507134310441247,0.1891248653978225,0.0234537506480984,0.1012828862441375,22,Bcell
93,0.1263640181191803,0.1414140294432898,0.0467273877323806,0.0856585975098117,0.4251508900253966,0.0292320877960117,0.4312646222531977,0.0708863443853413,0.0560348482625683,0.0374963790821011,0.0635597968109227,0.0438304034066476,0.0584870467567952,0.1800986636253425,0.0259239155509357,0.1117445654756656,22,Bcell
94,0.1266545462408262,0.1698148754004478,0.0533571400897547,0.2186387353373585,0.271478342213212,0.0238492078719707,0.352712848482521,0.0685309712544703,0.0905609620276394,0.0337842175810386,0.107205686715061,0.0647717965444164,0.0802272184468678,0.1483410315346818,0.0311857455202273,0.0961315946097121,26,CD14_monocyte
95,0.0947637238800522,0.1801685194291571,0.0472421810815406,0.4012625466417567,0.0498125580810581,0.021434850205286,0.2049634943479547,0.1060957349452901,0.1368824434987604,0.0250361802035181,0.1583301336549113,0.0914152758865158,0.1064700361818101,0.1146768799937002,0.0441234816614054,0.0907735903752763,26,CD14_monocyte
96,0.0664250486373714,0.0817253640689132,0.0357533576862297,0.0844187564247534,0.0298875073357451,0.0315488303704655,0.089943728127295,0.0354258695602902,0.0459648143176476,0.0304587869742631,0.2344117768347207,0.191854433027821,0.1191842750102486,0.0449688312030678,0.3438728056058173,0.1729375503593684,28,Myofibroblast
97,0.068604442076388,0.0981006720559459,0.0434654734639585,0.1705056112808406,0.0313613839984324,0.0189433253958041,0.106256135322885,0.0524883533701076,0.0651921143916039,0.0392210359195735,0.166593984844742,0.122477371310109,0.3600975997823077,0.0543225401898939,0.126348643189032,0.1127969996290659,27,tumor_ecad
98,0.0474195322122254,0.0599381682706517,0.0314547889315254,0.089481625059377,0.0242450848177141,0.0144615345937191,0.0506643037323872,0.0312325167536777,0.049297449008475,0.0456843078076816,0.0963434468140472,0.075920899823969,0.7210871557045305,0.0410853018352912,0.0240945536491759,0.0694080110662815,27,tumor_ecad
99,0.0422575595622671,0.0487220461769158,0.0293344966062514,0.0637017041546671,0.0228745282670298,0.0125869244556658,0.0350473180183458,0.0266334718557988,0.0422340087328921,0.0475760526422063,0.0662869185014605,0.0600083366075758,0.8350649507751494,0.0381110260919079,0.0124693930954341,0.0646799304530954,27,tumor_ecad
100,0.0402713312926884,0.0443566635982259,0.0285124792083107,0.0567797255209812,0.0222681271428876,0.0120632603751721,0.0293324562250857,0.0237897129337472,0.0399283761004548,0.0475167750825324,0.0603054290419143,0.0571397393079982,0.8709540955304496,0.032669196009611,0.0094403743277511,0.0615887996301445,27,tumor_ecad
