pixel_som_cluster,pixel_meta_cluster,pixel_meta_cluster_rename
1,20,aSMA
2,10,Vim + GzmB + aSMA
3,10,Vim + GzmB + aSMA
4,35,Vim + GzmB + CD31 + aSMA
5,20,aSMA
6,35,Vim + GzmB + CD31 + aSMA
7,39,CD31
8,35,Vim + GzmB + CD31 + aSMA
9,35,Vim + GzmB + CD31 + aSMA
10,35,Vim + GzmB + CD31 + aSMA
11,6,CD366 + GzmB
12,6,CD366 + GzmB
13,9,CD366 + CD44
14,6,CD366 + GzmB
15,9,CD366 + CD44
16,40,CD44
17,9,CD366 + CD44
18,38,CD107a
19,38,CD107a
20,11,CD14 + CD16 + CD163
21,20,aSMA
22,10,Vim + GzmB + aSMA
23,10,Vim + GzmB + aSMA
24,10,Vim + GzmB + aSMA
25,35,Vim + GzmB + CD31 + aSMA
26,35,Vim + GzmB + CD31 + aSMA
27,39,CD31
28,3,HLA + CD4
29,1,Vim + GzmB
30,6,CD366 + GzmB
31,1,Vim + GzmB
32,9,CD366 + CD44
33,31,CD4 + CD366
34,9,CD366 + CD44
35,40,CD44
36,40,CD44
37,12,CD163
38,38,CD107a
39,12,CD163
40,11,CD14 + CD16 + CD163
41,10,Vim + GzmB + aSMA
42,20,aSMA
43,26,ECad + aSMA
44,10,Vim + GzmB + aSMA
45,1,Vim + GzmB
46,1,Vim + GzmB
47,22,CD45RO
48,18,CD31 + GzmB*
49,18,CD31 + GzmB*
50,6,CD366 + GzmB
51,1,Vim + GzmB
52,1,Vim + GzmB
53,1,Vim + GzmB
54,9,CD366 + CD44
55,1,Vim + GzmB
56,9,CD366 + CD44
57,20,aSMA
58,12,CD163
59,3,HLA + CD4
60,11,CD14 + CD16 + CD163
61,20,aSMA
62,20,aSMA
63,10,Vim + GzmB + aSMA
64,10,Vim + GzmB + aSMA
65,29,aSMA + Vim
66,29,aSMA + Vim
67,15,CD8 + Ecad
68,39,CD31
69,18,CD31 + GzmB*
70,27,CD45
71,16,CD20
72,1,Vim + GzmB
73,7,CD68
74,1,Vim + GzmB
75,7,CD68
76,7,CD68
77,29,aSMA + Vim
78,29,aSMA + Vim
79,9,CD366 + CD44
80,11,CD14 + CD16 + CD163
81,20,aSMA
82,5,CD8a + ECad*
83,6,CD366 + GzmB
84,6,CD366 + GzmB
85,18,CD31 + GzmB*
86,40,CD44
87,31,CD4 + CD366
88,18,CD31 + GzmB*
89,18,CD31 + GzmB*
90,24,CD68 + CD11b + CD45 + CD45RO + GzmB
91,24,CD68 + CD11b + CD45 + CD45RO + GzmB
92,1,Vim + GzmB
93,29,aSMA + Vim
94,7,CD68
95,14,FoxP3
96,7,CD68
97,29,aSMA + Vim
98,20,aSMA
99,21,CD16
100,11,CD14 + CD16 + CD163
101,14,FoxP3
102,31,CD4 + CD366
103,14,FoxP3
104,31,CD4 + CD366
105,23,CD3
106,12,CD163
107,25,CD8a
108,25,CD8a
109,25,CD8a
110,24,CD68 + CD11b + CD45 + CD45RO + GzmB
111,24,CD68 + CD11b + CD45 + CD45RO + GzmB
112,7,CD68
113,21,CD16
114,21,CD16
115,1,Vim + GzmB
116,3,HLA + CD4
117,29,aSMA + Vim
118,21,CD16
119,36,CD11b
120,11,CD14 + CD16 + CD163
121,12,CD163
122,14,FoxP3
123,36,CD11b
124,23,CD3
125,19,CD4 + CD3
126,19,CD4 + CD3
127,25,CD8a
128,25,CD8a
129,25,CD8a
130,3,HLA + CD4
131,7,CD68
132,7,CD68
133,7,CD68
134,11,CD14 + CD16 + CD163
135,11,CD14 + CD16 + CD163
136,3,HLA + CD4
137,14,FoxP3
138,3,HLA + CD4
139,3,HLA + CD4
140,9,CD366 + CD44
141,14,FoxP3
142,14,FoxP3
143,19,CD4 + CD3
144,19,CD4 + CD3
145,23,CD3
146,16,CD20
147,27,CD45
148,5,CD8a + ECad*
149,3,HLA + CD4
150,25,CD8a
151,16,CD20
152,7,CD68
153,32,HLA + CD68
154,32,HLA + CD68
155,11,CD14 + CD16 + CD163
156,32,HLA + CD68
157,3,HLA + CD4
158,3,HLA + CD4
159,19,CD4 + CD3
160,27,CD45
161,14,FoxP3
162,14,FoxP3
163,30,B7H4
164,8,ECad*
165,23,CD3
166,12,CD163
167,30,B7H4
168,3,HLA + CD4
169,3,HLA + CD4
170,7,CD68
171,7,CD68
172,7,CD68
173,32,HLA + CD68
174,32,HLA + CD68
175,32,HLA + CD68
176,3,HLA + CD4
177,7,CD68
178,3,HLA + CD4
179,4,CD4 + CD45RO
180,4,CD4 + CD45RO
181,13,ECad + B7H4 + BetaCat + PanCK
182,21,CD16
183,8,ECad*
184,8,ECad*
185,5,CD8a + ECad*
186,8,ECad*
187,2,HLA
188,3,HLA + CD4
189,2,HLA
190,2,HLA
191,7,CD68
192,32,HLA + CD68
193,32,HLA + CD68
194,32,HLA + CD68
195,3,HLA + CD4
196,3,HLA + CD4
197,4,CD4 + CD45RO
198,3,HLA + CD4
199,4,CD4 + CD45RO
200,4,CD4 + CD45RO
201,6,CD366 + GzmB
202,28,BetaCat
203,8,ECad*
204,36,CD11b
205,8,ECad*
206,36,CD11b
207,5,CD8a + ECad*
208,5,CD8a + ECad*
209,2,HLA
210,7,CD68
211,3,HLA + CD4
212,2,HLA
213,7,CD68
214,29,aSMA + Vim
215,2,HLA
216,4,CD4 + CD45RO
217,4,CD4 + CD45RO
218,3,HLA + CD4
219,4,CD4 + CD45RO
220,4,CD4 + CD45RO
221,28,BetaCat
222,28,BetaCat
223,36,CD11b
224,34,ECad
225,8,ECad*
226,5,CD8a + ECad*
227,22,CD45RO
228,2,HLA
229,5,CD8a + ECad*
230,2,HLA
231,2,HLA
232,2,HLA
233,2,HLA
234,2,HLA
235,2,HLA
236,3,HLA + CD4
237,24,CD68 + CD11b + CD45 + CD45RO + GzmB
238,1,Vim + GzmB
239,18,CD31 + GzmB*
240,4,CD4 + CD45RO
241,28,BetaCat
242,23,CD3
243,30,B7H4
244,13,ECad + B7H4 + BetaCat + PanCK
245,26,ECad + aSMA
246,26,ECad + aSMA
247,29,aSMA + Vim
248,29,aSMA + Vim
249,29,aSMA + Vim
250,8,ECad*
251,21,CD16
252,2,HLA
253,17,HLA + Ecad
254,17,HLA + Ecad
255,2,HLA
256,2,HLA
257,4,CD4 + CD45RO
258,4,CD4 + CD45RO
259,4,CD4 + CD45RO
260,25,CD8a
261,37,PanCK + CD20
262,11,CD14 + CD16 + CD163
263,33,FoxP3 + ECad + PanCK
264,1,Vim + GzmB
265,26,ECad + aSMA
266,1,Vim + GzmB
267,26,ECad + aSMA
268,29,aSMA + Vim
269,19,CD4 + CD3
270,5,CD8a + ECad*
271,5,CD8a + ECad*
272,17,HLA + Ecad
273,17,HLA + Ecad
274,17,HLA + Ecad
275,22,CD45RO
276,14,FoxP3
277,18,CD31 + GzmB*
278,2,HLA
279,25,CD8a
280,25,CD8a
281,37,PanCK + CD20
282,37,PanCK + CD20
283,39,CD31
284,18,CD31 + GzmB*
285,29,aSMA + Vim
286,5,CD8a + ECad*
287,26,ECad + aSMA
288,15,CD8 + Ecad
289,1,Vim + GzmB
290,1,Vim + GzmB
291,2,HLA
292,2,HLA
293,17,HLA + Ecad
294,33,FoxP3 + ECad + PanCK
295,17,HLA + Ecad
296,17,HLA + Ecad
297,33,FoxP3 + ECad + PanCK
298,25,CD8a
299,25,CD8a
300,25,CD8a
301,37,PanCK + CD20
302,33,FoxP3 + ECad + PanCK
303,5,CD8a + ECad*
304,5,CD8a + ECad*
305,5,CD8a + ECad*
306,5,CD8a + ECad*
307,15,CD8 + Ecad
308,18,CD31 + GzmB*
309,15,CD8 + Ecad
310,1,Vim + GzmB
311,17,HLA + Ecad
312,17,HLA + Ecad
313,17,HLA + Ecad
314,17,HLA + Ecad
315,17,HLA + Ecad
316,8,ECad*
317,40,CD44
318,25,CD8a
319,25,CD8a
320,22,CD45RO
321,16,CD20
322,16,CD20
323,9,CD366 + CD44
324,5,CD8a + ECad*
325,13,ECad + B7H4 + BetaCat + PanCK
326,5,CD8a + ECad*
327,5,CD8a + ECad*
328,5,CD8a + ECad*
329,34,ECad
330,34,ECad
331,26,ECad + aSMA
332,13,ECad + B7H4 + BetaCat + PanCK
333,17,HLA + Ecad
334,17,HLA + Ecad
335,34,ECad
336,7,CD68
337,15,CD8 + Ecad
338,15,CD8 + Ecad
339,15,CD8 + Ecad
340,15,CD8 + Ecad
341,16,CD20
342,16,CD20
343,27,CD45
344,17,HLA + Ecad
345,15,CD8 + Ecad
346,15,CD8 + Ecad
347,15,CD8 + Ecad
348,5,CD8a + ECad*
349,13,ECad + B7H4 + BetaCat + PanCK
350,13,ECad + B7H4 + BetaCat + PanCK
351,13,ECad + B7H4 + BetaCat + PanCK
352,13,ECad + B7H4 + BetaCat + PanCK
353,13,ECad + B7H4 + BetaCat + PanCK
354,34,ECad
355,40,CD44
356,15,CD8 + Ecad
357,4,CD4 + CD45RO
358,15,CD8 + Ecad
359,15,CD8 + Ecad
360,22,CD45RO
361,23,CD3
362,14,FoxP3
363,23,CD3
364,30,B7H4
365,19,CD4 + CD3
366,15,CD8 + Ecad
367,15,CD8 + Ecad
368,15,CD8 + Ecad
369,13,ECad + B7H4 + BetaCat + PanCK
370,13,ECad + B7H4 + BetaCat + PanCK
371,13,ECad + B7H4 + BetaCat + PanCK
372,13,ECad + B7H4 + BetaCat + PanCK
373,34,ECad
374,34,ECad
375,34,ECad
376,33,FoxP3 + ECad + PanCK
377,22,CD45RO
378,15,CD8 + Ecad
379,22,CD45RO
380,22,CD45RO
381,23,CD3
382,19,CD4 + CD3
383,14,FoxP3
384,19,CD4 + CD3
385,18,CD31 + GzmB*
386,15,CD8 + Ecad
387,15,CD8 + Ecad
388,13,ECad + B7H4 + BetaCat + PanCK
389,15,CD8 + Ecad
390,13,ECad + B7H4 + BetaCat + PanCK
391,30,B7H4
392,34,ECad
393,34,ECad
394,34,ECad
395,8,ECad*
396,13,ECad + B7H4 + BetaCat + PanCK
397,34,ECad
398,22,CD45RO
399,22,CD45RO
400,22,CD45RO
