pixel_meta_cluster,CD3,CD4,CD8a,CD11b,CD14,CD16,CD20,CD44,CD45,CD45RO,CD68,CD107a,CD163,CD366,Pan-keratin,FOXP3,E-Cadherin,HLA-DR-DQ-DP,Beta-Catenin,B7-H4,Granzyme-B,Alpha-SMA,Vimentin,CD31,count,pixel_meta_cluster_rename
1,0.23290654204308933,0.30247836072922074,0.1922496716868995,0.3821232894746698,0.29502859105175766,0.1976942761148333,0.12289882867326936,0.23367937755008364,0.2503254351435996,0.181141946889687,0.2566098383444624,0.22553138580407633,0.15468208522532548,0.38271820223054165,0.19211594910654708,0.25207139401767925,0.16162986545598804,0.1112162959745079,0.2978645243705868,0.34777189242866213,0.49067970687293044,0.1668092996673492,0.45259585105798705,0.2503359905325471,3226188,Vim + GzmB
2,0.23683955052783232,0.34472116597707547,0.25818210193270913,0.32347865524672603,0.2886155537394073,0.2641147894654251,0.1504823082286733,0.23459618801670512,0.3232290637655879,0.23519283514414266,0.30305692515544624,0.21950844476881962,0.23357985102845502,0.29708759520609834,0.22041026744996522,0.23106003783046766,0.31883501987308877,0.3764303684727431,0.2916751299397669,0.31683522037275513,0.25465431444649306,0.09302996337567071,0.21178045058951236,0.2076440177699662,5927089,HLA
3,0.257407636246961,0.42861093168395237,0.22051532912263422,0.338621731114125,0.3769031104288408,0.3680254777062838,0.1489159571546295,0.26180921804462887,0.4202199484045239,0.2884370016396402,0.30798977743609063,0.20147788137009268,0.3008826791618046,0.30628122585946016,0.11967491371818723,0.22132691604819155,0.11094537057844325,0.35062314561613184,0.19267504914762504,0.2573004488614109,0.198876811293165,0.08705251285166735,0.17704487764814839,0.2551735391326234,4550838,HLA + CD4
4,0.4681507954079476,0.5624204393444059,0.22396972052106334,0.26978442679323067,0.2187671801665938,0.16439987997253136,0.12730317004616262,0.26119162029619,0.4829427064650222,0.46219092535935086,0.17274999943340724,0.1711315926735118,0.13189036905967852,0.3213162115151609,0.145338396187376,0.29188790688535105,0.1865336157693808,0.19686336111636232,0.2472433213916693,0.25587841386177895,0.24531164198807723,0.1396677210002445,0.21899709706865125,0.20114012678730842,2518410,CD4 + CD45RO
5,0.2990130557296302,0.33980338804473786,0.32639441256182605,0.34205474241128736,0.2931795423374809,0.2466426912880349,0.1735026698706291,0.19950507280877047,0.29918064692192814,0.24286716833404395,0.23816982993527833,0.18936214405683374,0.2514400531503494,0.29053767581831147,0.24697242106312878,0.26446978974998236,0.35501810589225785,0.10895355721002616,0.31919485372092554,0.3388382892151138,0.26528082613086285,0.1688773872212583,0.15794809015843428,0.20880607436451007,6798161,CD8a + ECad*
6,0.22165712700015194,0.2828803636752288,0.11328641712768403,0.5088057471707205,0.30055508037183964,0.1721954454506338,0.055796130901195215,0.18335300192030923,0.15193999002380237,0.08228972392842632,0.19827985553622068,0.26962753029689734,0.12568865935657292,0.6753867884780165,0.16322938487751779,0.3180365053069135,0.1605388698058319,0.052984132945117696,0.5243369430638609,0.46378554007911765,0.49271797580487137,0.09845945242458203,0.3745050247058772,0.17909503043994895,1062322,CD366 + GzmB
7,0.23101088856513707,0.3670833867468224,0.23543220562171596,0.31962564051865106,0.31348275373760864,0.30263141761807083,0.14806280590739676,0.23869216403883742,0.3268911609186459,0.23276609501921944,0.4504169503451093,0.2590525288306971,0.3195584103180103,0.3023114373544931,0.12024446126794762,0.1986068602560103,0.12261957470846317,0.3115744209582116,0.20530939607876655,0.29621115650512553,0.3049805852629538,0.11831801306148287,0.2753549131447133,0.2198327584919823,4819437,CD68
8,0.3670322355639902,0.428742076753109,0.21630527097814833,0.3828481757922527,0.37079697282733254,0.34008430927279,0.1427815049527107,0.17868937181831143,0.21059030166227916,0.2638967502068421,0.17491934782717714,0.23323007026881548,0.2517066358497836,0.2415112768961388,0.3064016481653984,0.3086678037654024,0.4432669404369222,0.09429004686445384,0.3489409823582563,0.3761286624654822,0.15728804541549216,0.11728301523215376,0.0942519589404642,0.12066081808568095,2972735,ECad*
9,0.21426632527765976,0.2507028832510598,0.1634366704968138,0.33241939456772607,0.3487859720170918,0.24917423729917246,0.22560154411055985,0.4784404969433312,0.25809503519378557,0.11863581060683999,0.2215231726939466,0.3470322811292142,0.2404425553634881,0.6997554106667833,0.11075187140504657,0.18298063667271774,0.07903871957756961,0.07895087511242166,0.25389291094623084,0.21671761071494824,0.28317206409221496,0.09804523288940224,0.3555389853376834,0.16784938280491243,775644,CD366 + CD44
10,0.19132034313122281,0.2544076034128046,0.1732568491243392,0.40922344422201834,0.2415356050531435,0.12217822201349747,0.13314160629178662,0.1907257155971788,0.19361260800409544,0.13717033076280266,0.18277327739232302,0.24618783568734587,0.08893720594010252,0.47455150533534385,0.10992612528634564,0.2693247512198832,0.0859529476446753,0.07411627184644604,0.32116698866547083,0.30840929871896344,0.5102617629360867,0.531101389675914,0.47788495090740685,0.3101099670210969,2013937,Vim + GzmB + aSMA
11,0.18302655020959685,0.33960825306773745,0.18161252778871648,0.31544685766789077,0.6515755274180544,0.587426418254314,0.18808603130224605,0.20579213299708998,0.3358439113304559,0.15636006401054084,0.28670409367635374,0.19329807427484538,0.6479208550486816,0.2588380362104466,0.20677204214976186,0.19229404436367256,0.08276342529091597,0.17107341061969952,0.2166708631034034,0.21768769207903282,0.16208849771334363,0.06383533928974927,0.12048610142612379,0.17072481649933563,990829,CD14 + CD16 + CD163
12,0.2844322561433874,0.32020589864920573,0.2376958378223264,0.2995417858389962,0.3151113119691412,0.30725152071511047,0.2381272240258962,0.20203693943682663,0.24632626224512796,0.1961026949767502,0.20128842669403857,0.4339629888563073,0.5430457222322045,0.25217893673731456,0.24012121957365778,0.3155566608182085,0.1976941138922297,0.09590632621123589,0.2605967582874192,0.24100998449901304,0.15423609526255944,0.12323804400963222,0.1061215612134516,0.18488155069142348,880901,CD163
13,0.2766883151653284,0.333449805209824,0.3423010791416838,0.45798426047532703,0.24847508678789584,0.1533933220731776,0.1053539220720953,0.1420770530807915,0.1841498036742739,0.13577031175370785,0.14155395037146734,0.19198221255912884,0.09878479066346077,0.3486380134857435,0.33369346433677777,0.4151765652406996,0.5201248708770616,0.0744112825430622,0.5104234292975862,0.5348591005822695,0.32825878718408097,0.04922269924271469,0.12414636166001569,0.1762363236679779,3388965,ECad + B7H4 + BetaCat + PanCK
14,0.3548930153564486,0.3763622752697924,0.2320151587820416,0.43137988866713506,0.296514219668178,0.24725577181980382,0.16615546402736786,0.16449559927126892,0.23193987165232413,0.16622130586790834,0.1908495031149593,0.1374163132555611,0.18373107670215588,0.3085724449137796,0.21348727750807175,0.7157633633213957,0.20066697899387503,0.11285726293891936,0.33448209090124065,0.34431535513844325,0.21556474732783615,0.08885617211595952,0.11566683233453133,0.2141409636380039,1640480,FoxP3
15,0.3490288152481339,0.3674545026384126,0.39705495932193224,0.39482371923525134,0.27414600204240247,0.1400750867480566,0.19701278278778156,0.1851553473053239,0.27505333337868476,0.2890320574167132,0.15782092645898185,0.18712048689765004,0.11848840472046518,0.305116046625131,0.27778583211032726,0.3136429660323278,0.41595664049734016,0.06669432579886614,0.3708433128089348,0.4098418739657815,0.3138118318363199,0.04816052193761804,0.09477120527003406,0.20731492250400593,6950938,CD8 + Ecad
16,0.2875234741489529,0.29941993234097125,0.24280095313812683,0.28367323675170525,0.3635940995248517,0.29595094683493123,0.8207919565665492,0.18295627758573704,0.3033637697031216,0.14932915881017758,0.24166446797226562,0.13402030552009805,0.3691643368435332,0.23269374300980286,0.1593223232799252,0.21097045967491085,0.07744531668159309,0.08833489675327785,0.20908205182037995,0.19205419431116935,0.19989179533849416,0.07315728062570438,0.10064435027221079,0.17371774101895446,662957,CD20
17,0.25604994425173705,0.3317304869212371,0.2864645591234381,0.3738742229649148,0.2534050629771827,0.13749542194553746,0.15548892530521946,0.20698327773460212,0.22766431375795168,0.16453660733628206,0.17324486865193822,0.23639355720224994,0.09989692566137355,0.30448941780615485,0.335371389796563,0.2996303113920923,0.49105613280247473,0.43274305738287544,0.41399161691679864,0.4494959235123708,0.26641829944917045,0.05656704857993281,0.11949505952692364,0.17572099356591944,3917357,HLA + Ecad
18,0.31965253858157583,0.37745106654967037,0.31530476519921063,0.40602879942287695,0.26743133252258766,0.16064686126554018,0.15898085651129287,0.22733924111332043,0.36766789997503363,0.22551176733528944,0.21881554641399983,0.178245210434381,0.12403142405841329,0.3393264468760491,0.1331950952649737,0.30622985778682177,0.1595837085133445,0.13395577995395824,0.272709259077399,0.3726527843661272,0.3869016667810587,0.07708727945141858,0.2646200654651041,0.34564206829105587,3373356,CD31 + GzmB*
19,0.4818415642659551,0.5778122914270527,0.3694757755194029,0.35290502615159314,0.36546400735918005,0.2397784006761699,0.24618540291471977,0.18341584060908817,0.31911077986338093,0.18863183385200105,0.23640298018622619,0.15003633841143083,0.36860484080268163,0.28599790007807463,0.12198752332796689,0.31798755652467703,0.11755828179274291,0.09972810951823291,0.2523207934932798,0.2793821981582974,0.17242854377548728,0.07876750913120911,0.1044145368122092,0.20796949006801493,1610822,CD4 + CD3
20,0.22805385949807916,0.2549053121046403,0.1954668991467476,0.2950589107352727,0.2736919150817417,0.1684381418915798,0.19385398854383354,0.2817409545906589,0.2108726245835127,0.14782803495480093,0.1747576123107185,0.31049269453318934,0.17696780117249786,0.42531710057158095,0.1198693156661702,0.20506810962860086,0.10538499654331214,0.0891753788512867,0.3521388739205948,0.22887484025020918,0.266842365592901,0.6749548336357205,0.30928408955497366,0.27165959335468026,1114336,aSMA
21,0.2080964157805056,0.37289313815772523,0.16268519466640685,0.40110069734267684,0.45926308062997306,0.4753494081258585,0.076924091361344,0.1944370764030872,0.2474513770178083,0.15021530782992315,0.2833953623604496,0.21283433918533326,0.33980144513463323,0.3441792615187308,0.1929349343664705,0.2625412526713013,0.18463456652014354,0.2027730440516557,0.36863542922608583,0.3478047040554382,0.23928722119738177,0.0808597897736791,0.18140845757258864,0.22740319417726948,957575,CD16
22,0.281018813725842,0.28111653545531057,0.2948670158039601,0.2837139459306326,0.21166038838534743,0.16336945529716554,0.19810036103181103,0.14410984534560603,0.2211099978712279,0.7253119872679963,0.17896691225284694,0.14479920233346347,0.13489735599598413,0.23116204879302804,0.2805403146082948,0.37955118318876196,0.3310564479722179,0.14812196562892924,0.286149690993601,0.2966603166409172,0.3037758162953216,0.11257269578158002,0.14655368019339493,0.2868242233160801,1840714,CD45RO
23,0.7226826265469738,0.3654008366218637,0.26989247001515554,0.3283637609075137,0.33397579778710695,0.3065389335990027,0.22545942985729547,0.17286912575786187,0.2866716021309258,0.2307307385258179,0.22079056655089782,0.21032751418887324,0.3268359495659401,0.25439601219895147,0.19337302005015336,0.2855373085023037,0.12079306612102939,0.08038675028472032,0.26821031045890775,0.33963034314152046,0.19368035775369247,0.08166501004108065,0.09848054193299079,0.1588494233351819,930723,CD3
24,0.24108739023556394,0.29843916237612245,0.28399857131111333,0.6244378597744653,0.25041091812911626,0.19063006015618086,0.1434195299425711,0.18124776023553543,0.4450418236779976,0.4194874980229491,0.4610156343738125,0.17726770067253758,0.17167906665916663,0.254026073595214,0.16903793763409944,0.1911889316331259,0.14665059115580267,0.13493545296372145,0.2091754619328934,0.31515631694926555,0.45872320234649794,0.07683042570386979,0.18223396446516185,0.23339596438971272,478153,CD68 + CD11b + CD45 + CD45RO + GzmB
25,0.41959193011395995,0.28949859144027945,0.5602807652978312,0.28362158028838874,0.24189738336753955,0.19813960009203663,0.17140696420524243,0.26391603910662353,0.4590841152520075,0.34688554905501884,0.22330054881699968,0.19685098688335137,0.16492113094358427,0.31294903066392565,0.12428710808999544,0.21016327898674955,0.15088352122699747,0.22156766025617833,0.2271076309320747,0.25251244273222884,0.2830522263587235,0.11026221968080381,0.2398559265605847,0.21532444082074742,2884457,CD8a
26,0.24614371069346064,0.28845648175033595,0.25650416686303823,0.3456310251244312,0.236081730644934,0.14006258331881588,0.1346184306353922,0.15993129578104012,0.21240397197478356,0.16850558082910422,0.1331300160387177,0.2316775328193908,0.131319228940815,0.3328529217344762,0.3163300562870674,0.2448418847312838,0.47200524142010375,0.14607894615119776,0.42195984767886546,0.38490181964837883,0.3258097885677279,0.37084902894037236,0.2107401415357542,0.24731248895594393,1498807,ECad + aSMA
27,0.23374761631463178,0.24262350933197815,0.19060866960737133,0.39000851710076256,0.4147828825798149,0.3158079846646865,0.338147131582095,0.17085689613047164,0.9090653558484919,0.1226200995772513,0.277587429360363,0.1659843500906191,0.3707584704173268,0.22865319776825074,0.24937396710220425,0.22779664085000642,0.09912997399185647,0.07223289682727019,0.26448119753254135,0.22009920608418318,0.2950938736384505,0.06490331547433958,0.08082708252105628,0.14153138915626132,227413,CD45
28,0.32910740563008484,0.2891340824135675,0.20439959254850396,0.2907136300988641,0.29969389116256023,0.25405814890178974,0.2830488855449174,0.14606083963151878,0.2558876100605451,0.11933039755369418,0.16809399007000966,0.1579798740469438,0.23157220294438915,0.25485687522403566,0.3221256235590518,0.18716537342066722,0.11261510867142646,0.06435590761369166,1.2017409959913492,0.24407846718944706,0.21865699642127548,0.12396857051545186,0.11632897396324955,0.17319448409747706,182152,BetaCat
29,0.243446485474902,0.33338605215053396,0.25626829216134345,0.34075316665308414,0.3232882628045774,0.24159035551405508,0.15874921527766486,0.1940250479700573,0.2893432309617944,0.20709052650072637,0.23332788013516995,0.2217512868233153,0.229200342946442,0.36034628292322246,0.1253275850283713,0.23353515848802034,0.11998282943030414,0.15775265372894617,0.2746132772494093,0.27744619953423466,0.33415357116021205,0.34197936721378763,0.29634004817400394,0.30557322451846736,3793326,aSMA + Vim
30,0.27706524780277847,0.379123642682929,0.2543087436434449,0.3573301803363566,0.435219202540927,0.2247011159308175,0.19847313170903413,0.1689231140547653,0.2521336769286524,0.14456559713710138,0.1847700414245749,0.21697656631834872,0.21895330809804175,0.29761186839491405,0.3565824276810331,0.22360559687256085,0.1917828195952387,0.08151663793988469,0.3782553212442695,0.8581673941944589,0.1609579140413584,0.06388926866628025,0.08694520409181171,0.141371050316153,530523,B7H4
31,0.4576154534918746,0.5440771478082634,0.34739778232049867,0.5778823727269264,0.2828387528704638,0.2590630813693534,0.19429222947216193,0.16979569793075835,0.2343592761466497,0.14225459854853156,0.1823642900046688,0.14920898947151798,0.200645779424407,0.6479752378450087,0.09388850547370958,0.24720769555141042,0.09366053607922681,0.05884125036345141,0.28800416723823546,0.29071616256231914,0.25961168853685873,0.07461773616469392,0.16924770745377354,0.18588029566160516,465848,CD4 + CD366
32,0.17774031685585992,0.4153505725568897,0.17917631300192927,0.3048867524791584,0.38595393667580524,0.4078638772469798,0.14402254095454448,0.21606134062665394,0.36733172011819193,0.21614198161816026,0.5319092899081953,0.283682555113281,0.41647703831789074,0.2815534183182296,0.0963273464891707,0.19089852997682608,0.09467788687481536,0.4910451423416847,0.16862991466989208,0.25135420714180456,0.18269000943129143,0.06890465018342914,0.18714230455966185,0.21487545960683518,1815269,HLA + CD68
33,0.26855325460680063,0.2892120625647438,0.2566001870831664,0.304365676855664,0.23561439896399874,0.20251437178323578,0.3272329044441515,0.17697289133899113,0.241526630699819,0.23982042677543386,0.1590151520781096,0.16514174184803168,0.15912348701009926,0.24790537311407676,0.46144151359883884,0.46572744075126443,0.3649299017006474,0.11821926090350142,0.3010342004614197,0.2884574048275065,0.2293612132631057,0.09010041383908611,0.11873574008058624,0.24543234919498125,694734,FoxP3 + ECad + PanCK
34,0.23713578631531018,0.32355045287620227,0.21169569441891645,0.3812501979101452,0.253774832603446,0.1106229463713443,0.14947734159679354,0.266271510278984,0.15965091177345866,0.1298712050215878,0.1468272078050411,0.2754127791309043,0.07809886691676736,0.373686194470631,0.36270597233882523,0.30411051164726705,0.6106499600631607,0.08766208043008737,0.4967111658999554,0.477802056258489,0.2899444038090876,0.05078944621331437,0.213319598914948,0.1765263356342695,2743399,ECad
35,0.2003009612737489,0.24582291805124767,0.2030268684534766,0.3241375482658877,0.24791438932249615,0.14257529993687296,0.12589259145352724,0.15792694569689825,0.1908789406581549,0.18278048756284074,0.2200005446405744,0.23355136284828876,0.12800223630715582,0.3380725530433183,0.12701180207244742,0.22968738730332966,0.10193463473720331,0.0981619967948231,0.3237003745253082,0.3149316735627322,0.5001685392519412,0.3727375768221587,0.45436245645421447,0.5767238109204799,1170047,Vim + GzmB + CD31 + aSMA
36,0.25602932686721475,0.33296293196421944,0.21296486286950672,0.7460919145005994,0.36426859934894473,0.27907994956675136,0.17380298756772045,0.16536340774033695,0.23210007926180215,0.29968718524028054,0.1924144843009658,0.2722400601316307,0.2811373836311438,0.2695484535343304,0.27310657763916824,0.2647781073126274,0.2816392950185827,0.08465395264460451,0.3041317828927489,0.31641156410443505,0.1810424309966435,0.11870770631382557,0.09915422145601056,0.13523291337092466,616454,CD11b
37,0.1995704796165337,0.2509200220459675,0.2013302985586492,0.26134373821712686,0.3082197792876374,0.30648439801621513,0.4384396333380258,0.1375458094450501,0.27937337947429774,0.15097880269408162,0.14550416432119315,0.16743854754491497,0.27181160200757154,0.1837024986177455,1.0922509214629599,0.1827132941380999,0.15530307427199144,0.07983891818531534,0.2666076625356367,0.22023368660081294,0.14751494071229673,0.10134567794803585,0.10664336595079388,0.17122838027441178,253393,PanCK + CD20
38,0.07299761852677183,0.12591298853390945,0.09949240774225271,0.19050959498826903,0.22603384982543012,0.26839249005901084,0.13417615123463839,0.07184181168367909,0.14695824314611602,0.09225537803405,0.08820447817031389,2.4578163730797353,0.15950121180978344,0.07627839459913616,0.46246779289421097,0.08661282781252003,0.11018104567178641,0.057475031695765094,0.22407474563705954,0.1297877932919779,0.06638207062038058,0.05940213186340519,0.060066851627493124,0.06031429613447678,355244,CD107a
39,0.25347535767364404,0.2855358194669965,0.2159215330836915,0.27434656115774847,0.255363199292483,0.19139551125329518,0.3140212260167706,0.31083473258198485,0.3028192336538221,0.18697548596570793,0.1895182369381838,0.17247292638600528,0.232774472678689,0.27056451150313404,0.18070837662236125,0.2311446864905117,0.14893035542943336,0.11827694614576777,0.2302353400278292,0.23248347334328076,0.23701266437483398,0.1445019510458153,0.20338861521324705,0.7188734104044114,433906,CD31
40,0.31473823292795283,0.3516296995595151,0.23692108600299414,0.27087904896840775,0.2831046880356385,0.21484294327308495,0.2317345559564701,0.7964122496909448,0.2800216525222575,0.15397779560802471,0.20846935150453288,0.19823206684427785,0.23043665454043977,0.27384882525405024,0.23024080418611537,0.27360952767765573,0.24931968456324635,0.0992546440218238,0.27024753288732917,0.2518436715878496,0.16030820989762473,0.09529874974435813,0.11270038289310627,0.1965874927563935,632400,CD44
